customer_id,plan_type,monthly_price
1,Basic,20
2,Standard,70
3,Basic,70
4,Standard,70
5,Standard,70
6,Basic,70
7,Premium,70
8,Basic,40
9,Basic,40
10,Standard,20
11,Basic,40
12,Basic,70
13,Standard,40
14,Standard,20
15,Basic,70
16,Premium,40
17,Standard,40
18,Premium,20
19,Basic,70
20,Standard,20
21,Premium,70
22,Standard,70
23,Standard,40
24,Basic,20
25,Basic,20
26,Basic,20
27,Basic,70
28,Premium,20
29,Basic,70
30,Premium,20
31,Premium,20
32,Basic,40
33,Basic,20
34,Premium,40
35,Premium,40
36,Basic,70
37,Basic,20
38,Standard,20
39,Standard,20
40,Basic,40
41,Standard,20
42,Basic,70
43,Basic,70
44,Basic,20
45,Basic,40
46,Basic,70
47,Basic,70
48,Basic,40
49,Basic,70
50,Basic,40
51,Premium,70
52,Basic,40
53,Basic,70
54,Standard,20
55,Premium,70
56,Basic,70
57,Standard,20
58,Standard,20
59,Standard,20
60,Basic,20
61,Standard,40
62,Basic,40
63,Standard,70
64,Standard,70
65,Basic,70
66,Premium,40
67,Basic,70
68,Premium,70
69,Basic,40
70,Basic,70
71,Basic,40
72,Premium,40
73,Basic,20
74,Basic,20
75,Basic,40
76,Standard,40
77,Standard,20
78,Basic,70
79,Basic,70
80,Basic,70
81,Basic,40
82,Basic,20
83,Standard,70
84,Basic,20
85,Basic,20
86,Basic,40
87,Premium,70
88,Premium,20
89,Premium,40
90,Basic,40
91,Basic,40
92,Basic,70
93,Basic,70
94,Standard,40
95,Standard,70
96,Premium,70
97,Premium,20
98,Basic,40
99,Standard,40
100,Basic,70
101,Basic,40
102,Standard,40
103,Basic,40
104,Basic,70
105,Basic,70
106,Standard,70
107,Standard,20
108,Basic,40
109,Premium,20
110,Basic,70
111,Basic,20
112,Standard,40
113,Standard,40
114,Premium,70
115,Basic,70
116,Standard,20
117,Standard,70
118,Premium,20
119,Basic,40
120,Standard,40
121,Standard,40
122,Basic,40
123,Basic,40
124,Basic,20
125,Standard,40
126,Premium,20
127,Standard,40
128,Standard,20
129,Standard,20
130,Basic,20
131,Basic,70
132,Basic,20
133,Basic,20
134,Basic,40
135,Standard,20
136,Basic,20
137,Basic,70
138,Basic,40
139,Basic,70
140,Premium,70
141,Premium,70
142,Standard,20
143,Basic,70
144,Standard,70
145,Premium,40
146,Standard,40
147,Basic,40
148,Standard,40
149,Premium,70
150,Standard,40
151,Standard,20
152,Basic,70
153,Standard,40
154,Basic,70
155,Standard,40
156,Basic,70
157,Basic,40
158,Basic,20
159,Standard,40
160,Basic,70
161,Standard,70
162,Standard,20
163,Basic,70
164,Basic,20
165,Basic,70
166,Premium,70
167,Standard,20
168,Basic,70
169,Basic,70
170,Standard,20
171,Premium,40
172,Premium,20
173,Standard,70
174,Basic,40
175,Basic,40
176,Basic,40
177,Basic,20
178,Basic,40
179,Basic,40
180,Basic,40
181,Premium,70
182,Standard,20
183,Premium,20
184,Standard,70
185,Basic,40
186,Standard,70
187,Basic,70
188,Standard,40
189,Basic,40
190,Premium,20
191,Basic,40
192,Basic,70
193,Premium,70
194,Basic,40
195,Standard,20
196,Standard,70
197,Premium,40
198,Premium,20
199,Premium,20
200,Basic,70
201,Premium,70
202,Standard,20
203,Standard,20
204,Basic,20
205,Standard,40
206,Premium,70
207,Premium,20
208,Basic,70
209,Basic,70
210,Basic,70
211,Premium,20
212,Standard,40
213,Basic,20
214,Basic,70
215,Basic,20
216,Basic,20
217,Premium,70
218,Standard,70
219,Basic,20
220,Standard,20
221,Basic,20
222,Premium,20
223,Basic,40
224,Basic,20
225,Basic,40
226,Standard,70
227,Standard,40
228,Standard,70
229,Basic,40
230,Basic,70
231,Basic,20
232,Standard,40
233,Basic,40
234,Standard,70
235,Premium,70
236,Premium,40
237,Basic,70
238,Basic,20
239,Basic,40
240,Standard,20
241,Premium,40
242,Basic,20
243,Basic,40
244,Premium,70
245,Premium,40
246,Basic,20
247,Standard,40
248,Basic,20
249,Basic,20
250,Premium,20
251,Premium,70
252,Standard,40
253,Basic,20
254,Premium,70
255,Basic,20
256,Basic,40
257,Standard,70
258,Basic,20
259,Standard,20
260,Standard,20
261,Basic,40
262,Basic,70
263,Basic,70
264,Basic,70
265,Standard,20
266,Premium,70
267,Basic,20
268,Basic,40
269,Standard,70
270,Premium,20
271,Basic,70
272,Basic,70
273,Standard,40
274,Basic,70
275,Basic,40
276,Standard,70
277,Standard,70
278,Standard,70
279,Standard,70
280,Standard,70
281,Basic,70
282,Basic,40
283,Basic,40
284,Basic,20
285,Standard,70
286,Premium,40
287,Premium,70
288,Standard,70
289,Basic,40
290,Basic,70
291,Premium,40
292,Standard,40
293,Standard,20
294,Standard,20
295,Standard,20
296,Premium,20
297,Basic,70
298,Standard,70
299,Premium,20
300,Basic,40
301,Standard,40
302,Basic,40
303,Premium,40
304,Basic,70
305,Standard,40
306,Basic,40
307,Standard,20
308,Basic,40
309,Basic,70
310,Basic,40
311,Premium,40
312,Basic,70
313,Basic,20
314,Standard,70
315,Standard,20
316,Premium,40
317,Basic,20
318,Standard,20
319,Basic,20
320,Basic,40
321,Standard,20
322,Standard,20
323,Standard,40
324,Basic,70
325,Basic,70
326,Basic,70
327,Premium,40
328,Basic,40
329,Basic,70
330,Basic,20
331,Standard,70
332,Basic,40
333,Premium,20
334,Basic,20
335,Premium,40
336,Basic,20
337,Standard,70
338,Premium,40
339,Basic,40
340,Premium,40
341,Basic,40
342,Premium,20
343,Standard,40
344,Basic,40
345,Basic,20
346,Basic,40
347,Basic,20
348,Basic,20
349,Basic,40
350,Basic,70
351,Standard,40
352,Basic,70
353,Basic,20
354,Standard,70
355,Basic,40
356,Basic,40
357,Basic,70
358,Premium,40
359,Premium,70
360,Basic,20
361,Standard,70
362,Standard,70
363,Standard,70
364,Standard,70
365,Standard,20
366,Basic,20
367,Basic,20
368,Basic,70
369,Premium,20
370,Standard,40
371,Premium,20
372,Premium,70
373,Basic,40
374,Standard,70
375,Standard,40
376,Premium,70
377,Premium,70
378,Standard,40
379,Basic,20
380,Standard,40
381,Basic,40
382,Standard,40
383,Premium,40
384,Basic,40
385,Standard,70
386,Basic,70
387,Basic,20
388,Basic,20
389,Standard,40
390,Premium,20
391,Premium,20
392,Basic,40
393,Premium,70
394,Standard,70
395,Basic,20
396,Basic,70
397,Basic,70
398,Premium,20
399,Standard,40
400,Standard,20
401,Basic,20
402,Standard,20
403,Basic,40
404,Basic,40
405,Standard,40
406,Basic,40
407,Premium,20
408,Basic,70
409,Standard,20
410,Basic,40
411,Standard,70
412,Basic,20
413,Basic,70
414,Premium,40
415,Basic,70
416,Premium,70
417,Premium,40
418,Basic,70
419,Basic,20
420,Standard,70
421,Premium,20
422,Premium,70
423,Standard,70
424,Standard,40
425,Basic,40
426,Premium,20
427,Premium,40
428,Basic,40
429,Basic,40
430,Basic,40
431,Basic,40
432,Premium,20
433,Basic,20
434,Basic,40
435,Basic,40
436,Premium,20
437,Standard,70
438,Basic,20
439,Basic,70
440,Premium,40
441,Premium,40
442,Basic,20
443,Basic,40
444,Basic,70
445,Basic,70
446,Standard,20
447,Premium,70
448,Basic,20
449,Premium,20
450,Basic,70
451,Standard,70
452,Standard,70
453,Basic,70
454,Basic,70
455,Standard,70
456,Basic,70
457,Basic,40
458,Standard,20
459,Premium,20
460,Basic,70
461,Premium,20
462,Basic,70
463,Standard,40
464,Standard,20
465,Premium,20
466,Basic,40
467,Standard,40
468,Standard,40
469,Basic,20
470,Basic,20
471,Basic,40
472,Basic,40
473,Premium,40
474,Basic,40
475,Basic,40
476,Standard,70
477,Basic,40
478,Standard,70
479,Basic,20
480,Premium,20
481,Premium,70
482,Premium,40
483,Basic,20
484,Standard,40
485,Basic,40
486,Basic,70
487,Basic,20
488,Standard,20
489,Basic,70
490,Standard,40
491,Basic,40
492,Basic,20
493,Standard,70
494,Basic,70
495,Standard,40
496,Basic,40
497,Premium,70
498,Standard,20
499,Basic,40
500,Basic,70
501,Standard,70
502,Premium,70
503,Basic,20
504,Basic,40
505,Premium,40
506,Standard,40
507,Basic,20
508,Basic,40
509,Basic,40
510,Standard,40
511,Basic,40
512,Premium,20
513,Basic,70
514,Basic,70
515,Standard,40
516,Premium,40
517,Premium,40
518,Basic,20
519,Standard,40
520,Standard,20
521,Basic,40
522,Basic,40
523,Basic,70
524,Basic,40
525,Premium,20
526,Basic,70
527,Premium,20
528,Standard,70
529,Standard,20
530,Standard,70
531,Basic,20
532,Basic,20
533,Basic,40
534,Standard,70
535,Basic,70
536,Standard,40
537,Basic,20
538,Basic,20
539,Basic,70
540,Premium,20
541,Standard,70
542,Basic,70
543,Standard,20
544,Basic,20
545,Premium,20
546,Standard,40
547,Basic,70
548,Standard,20
549,Basic,40
550,Premium,20
551,Basic,70
552,Standard,40
553,Basic,70
554,Standard,20
555,Standard,20
556,Standard,20
557,Standard,40
558,Premium,40
559,Basic,40
560,Basic,40
561,Basic,20
562,Premium,20
563,Basic,20
564,Standard,40
565,Standard,40
566,Basic,20
567,Basic,20
568,Basic,40
569,Basic,70
570,Basic,20
571,Basic,20
572,Premium,20
573,Premium,40
574,Basic,20
575,Basic,20
576,Basic,20
577,Standard,20
578,Premium,20
579,Basic,70
580,Basic,70
581,Standard,20
582,Standard,20
583,Basic,20
584,Standard,20
585,Basic,40
586,Basic,40
587,Standard,40
588,Premium,70
589,Basic,20
590,Premium,40
591,Basic,20
592,Standard,20
593,Basic,70
594,Premium,70
595,Premium,40
596,Basic,40
597,Premium,70
598,Premium,70
599,Standard,20
600,Basic,20
601,Premium,40
602,Premium,40
603,Basic,70
604,Premium,40
605,Basic,20
606,Basic,70
607,Standard,20
608,Standard,70
609,Standard,70
610,Basic,20
611,Premium,40
612,Basic,40
613,Basic,40
614,Basic,40
615,Standard,20
616,Premium,70
617,Standard,20
618,Premium,40
619,Basic,40
620,Standard,20
621,Basic,70
622,Basic,20
623,Basic,20
624,Standard,20
625,Standard,70
626,Standard,20
627,Basic,20
628,Basic,40
629,Standard,20
630,Basic,40
631,Premium,40
632,Standard,40
633,Basic,70
634,Premium,40
635,Standard,20
636,Basic,20
637,Standard,40
638,Basic,40
639,Premium,20
640,Premium,40
641,Premium,70
642,Standard,40
643,Basic,70
644,Standard,70
645,Basic,70
646,Standard,40
647,Standard,70
648,Basic,70
649,Basic,40
650,Premium,70
651,Premium,40
652,Basic,20
653,Basic,70
654,Basic,40
655,Premium,20
656,Basic,70
657,Standard,70
658,Basic,40
659,Standard,20
660,Basic,40
661,Standard,70
662,Basic,70
663,Standard,70
664,Basic,70
665,Standard,20
666,Premium,20
667,Basic,40
668,Premium,40
669,Standard,40
670,Basic,70
671,Basic,40
672,Basic,20
673,Standard,40
674,Standard,40
675,Basic,20
676,Standard,20
677,Premium,70
678,Premium,20
679,Standard,20
680,Premium,40
681,Standard,20
682,Basic,70
683,Premium,40
684,Basic,70
685,Basic,20
686,Basic,70
687,Premium,70
688,Premium,20
689,Basic,20
690,Basic,40
691,Basic,40
692,Standard,40
693,Basic,20
694,Standard,70
695,Basic,70
696,Basic,40
697,Basic,40
698,Basic,20
699,Premium,70
700,Basic,40
701,Basic,20
702,Basic,40
703,Basic,20
704,Basic,70
705,Basic,20
706,Standard,40
707,Standard,40
708,Basic,70
709,Basic,70
710,Premium,40
711,Basic,40
712,Basic,40
713,Basic,70
714,Basic,40
715,Standard,70
716,Basic,40
717,Standard,20
718,Basic,20
719,Basic,40
720,Standard,20
721,Basic,70
722,Standard,20
723,Basic,20
724,Standard,70
725,Basic,20
726,Premium,20
727,Basic,40
728,Premium,70
729,Basic,70
730,Standard,40
731,Basic,40
732,Premium,20
733,Basic,20
734,Basic,20
735,Basic,40
736,Basic,70
737,Basic,20
738,Premium,40
739,Premium,70
740,Basic,40
741,Premium,20
742,Standard,40
743,Basic,40
744,Standard,40
745,Standard,40
746,Premium,70
747,Basic,20
748,Standard,70
749,Basic,40
750,Basic,40
751,Basic,20
752,Premium,20
753,Premium,70
754,Standard,70
755,Standard,20
756,Basic,70
757,Basic,40
758,Basic,40
759,Basic,20
760,Standard,70
761,Standard,40
762,Basic,20
763,Basic,70
764,Basic,40
765,Basic,70
766,Premium,70
767,Standard,70
768,Premium,20
769,Basic,40
770,Basic,20
771,Basic,40
772,Premium,40
773,Standard,20
774,Basic,20
775,Standard,40
776,Basic,40
777,Standard,40
778,Premium,70
779,Standard,40
780,Standard,20
781,Basic,20
782,Basic,20
783,Basic,40
784,Basic,40
785,Standard,70
786,Standard,70
787,Basic,20
788,Premium,70
789,Basic,70
790,Basic,20
791,Basic,40
792,Basic,70
793,Basic,40
794,Basic,20
795,Basic,20
796,Premium,70
797,Basic,20
798,Basic,20
799,Basic,20
800,Standard,70
801,Basic,70
802,Premium,70
803,Standard,20
804,Standard,40
805,Standard,20
806,Basic,70
807,Basic,40
808,Basic,40
809,Standard,70
810,Basic,40
811,Basic,40
812,Premium,70
813,Basic,40
814,Premium,40
815,Standard,70
816,Basic,40
817,Basic,40
818,Basic,40
819,Standard,40
820,Standard,70
821,Standard,20
822,Premium,20
823,Standard,40
824,Basic,70
825,Basic,70
826,Premium,40
827,Basic,20
828,Basic,40
829,Standard,70
830,Basic,70
831,Premium,20
832,Standard,70
833,Basic,70
834,Premium,70
835,Basic,20
836,Basic,70
837,Basic,40
838,Basic,20
839,Basic,40
840,Basic,40
841,Basic,20
842,Basic,40
843,Standard,20
844,Premium,40
845,Basic,20
846,Basic,70
847,Basic,70
848,Basic,40
849,Standard,70
850,Standard,20
851,Basic,40
852,Basic,70
853,Basic,70
854,Standard,40
855,Basic,70
856,Premium,70
857,Standard,40
858,Basic,70
859,Standard,70
860,Premium,70
861,Standard,70
862,Basic,40
863,Basic,20
864,Premium,20
865,Standard,70
866,Standard,70
867,Premium,20
868,Premium,70
869,Premium,20
870,Basic,40
871,Standard,40
872,Standard,40
873,Standard,40
874,Standard,40
875,Basic,40
876,Standard,20
877,Standard,70
878,Basic,20
879,Basic,40
880,Basic,70
881,Basic,70
882,Basic,40
883,Basic,40
884,Standard,40
885,Standard,40
886,Standard,40
887,Premium,40
888,Basic,70
889,Basic,40
890,Premium,40
891,Basic,70
892,Premium,20
893,Premium,40
894,Standard,70
895,Premium,70
896,Basic,20
897,Basic,40
898,Standard,40
899,Basic,40
900,Premium,70
901,Basic,40
902,Standard,40
903,Standard,40
904,Standard,40
905,Basic,20
906,Basic,20
907,Premium,20
908,Basic,40
909,Premium,40
910,Standard,70
911,Standard,70
912,Standard,70
913,Basic,40
914,Standard,20
915,Premium,20
916,Basic,20
917,Premium,40
918,Basic,20
919,Basic,70
920,Basic,70
921,Premium,20
922,Basic,70
923,Premium,20
924,Premium,20
925,Basic,70
926,Basic,70
927,Standard,70
928,Basic,70
929,Standard,20
930,Basic,70
931,Basic,70
932,Standard,40
933,Basic,70
934,Basic,70
935,Basic,20
936,Basic,20
937,Standard,40
938,Premium,70
939,Basic,70
940,Standard,70
941,Standard,70
942,Basic,70
943,Basic,70
944,Premium,40
945,Standard,70
946,Standard,70
947,Standard,70
948,Basic,40
949,Standard,70
950,Standard,40
951,Standard,20
952,Basic,70
953,Basic,40
954,Basic,20
955,Premium,40
956,Basic,40
957,Basic,20
958,Basic,70
959,Basic,70
960,Standard,40
961,Standard,20
962,Standard,70
963,Basic,40
964,Standard,20
965,Basic,40
966,Basic,20
967,Basic,70
968,Basic,70
969,Basic,40
970,Standard,70
971,Standard,70
972,Premium,20
973,Basic,70
974,Basic,20
975,Basic,20
976,Premium,40
977,Standard,20
978,Standard,70
979,Basic,20
980,Standard,20
981,Basic,40
982,Standard,70
983,Premium,70
984,Premium,70
985,Standard,20
986,Basic,70
987,Premium,70
988,Standard,20
989,Basic,40
990,Basic,40
991,Basic,20
992,Basic,40
993,Basic,40
994,Standard,40
995,Basic,70
996,Basic,40
997,Standard,70
998,Premium,40
999,Standard,70
1000,Basic,20
1001,Premium,20
1002,Premium,40
1003,Basic,70
1004,Basic,20
1005,Standard,20
1006,Premium,20
1007,Premium,20
1008,Premium,40
1009,Standard,70
1010,Standard,20
1011,Basic,40
1012,Basic,20
1013,Basic,20
1014,Standard,20
1015,Standard,20
1016,Standard,40
1017,Basic,70
1018,Standard,40
1019,Basic,40
1020,Basic,40
1021,Standard,20
1022,Standard,70
1023,Premium,20
1024,Basic,40
1025,Basic,20
1026,Basic,70
1027,Basic,70
1028,Premium,20
1029,Standard,40
1030,Premium,20
1031,Basic,40
1032,Premium,70
1033,Basic,20
1034,Premium,70
1035,Basic,40
1036,Basic,40
1037,Standard,20
1038,Premium,20
1039,Basic,20
1040,Basic,70
1041,Premium,40
1042,Basic,40
1043,Basic,70
1044,Basic,20
1045,Basic,20
1046,Premium,70
1047,Standard,40
1048,Standard,40
1049,Premium,40
1050,Basic,40
1051,Basic,70
1052,Basic,40
1053,Basic,70
1054,Basic,20
1055,Premium,70
1056,Standard,40
1057,Basic,20
1058,Standard,70
1059,Standard,70
1060,Premium,70
1061,Premium,20
1062,Standard,70
1063,Standard,40
1064,Standard,20
1065,Standard,20
1066,Basic,70
1067,Basic,40
1068,Standard,20
1069,Basic,70
1070,Basic,40
1071,Standard,70
1072,Basic,70
1073,Standard,20
1074,Standard,20
1075,Premium,70
1076,Basic,20
1077,Basic,20
1078,Standard,40
1079,Premium,40
1080,Premium,70
1081,Basic,70
1082,Basic,70
1083,Premium,70
1084,Basic,40
1085,Standard,20
1086,Basic,40
1087,Basic,70
1088,Basic,70
1089,Basic,40
1090,Standard,40
1091,Premium,70
1092,Basic,20
1093,Premium,70
1094,Basic,40
1095,Standard,70
1096,Basic,70
1097,Premium,20
1098,Standard,70
1099,Standard,70
1100,Premium,70
1101,Standard,40
1102,Premium,40
1103,Standard,20
1104,Premium,70
1105,Standard,40
1106,Basic,20
1107,Standard,70
1108,Basic,20
1109,Standard,20
1110,Basic,20
1111,Standard,20
1112,Basic,20
1113,Basic,20
1114,Basic,20
1115,Premium,70
1116,Basic,70
1117,Basic,20
1118,Standard,70
1119,Standard,20
1120,Basic,70
1121,Basic,40
1122,Basic,20
1123,Premium,40
1124,Basic,20
1125,Basic,20
1126,Basic,40
1127,Basic,40
1128,Standard,40
1129,Basic,20
1130,Basic,40
1131,Basic,40
1132,Basic,70
1133,Basic,70
1134,Premium,40
1135,Standard,40
1136,Premium,40
1137,Premium,40
1138,Standard,70
1139,Basic,20
1140,Standard,40
1141,Premium,40
1142,Standard,70
1143,Standard,40
1144,Basic,40
1145,Premium,70
1146,Standard,40
1147,Premium,40
1148,Basic,70
1149,Basic,20
1150,Basic,40
1151,Standard,40
1152,Basic,20
1153,Basic,70
1154,Premium,20
1155,Basic,40
1156,Premium,20
1157,Basic,70
1158,Premium,40
1159,Standard,70
1160,Premium,70
1161,Premium,20
1162,Basic,20
1163,Basic,70
1164,Basic,70
1165,Standard,40
1166,Premium,70
1167,Basic,70
1168,Standard,20
1169,Basic,70
1170,Premium,70
1171,Premium,20
1172,Basic,40
1173,Basic,20
1174,Basic,20
1175,Standard,70
1176,Standard,70
1177,Basic,40
1178,Basic,70
1179,Basic,40
1180,Standard,40
1181,Standard,40
1182,Basic,40
1183,Standard,70
1184,Standard,20
1185,Basic,20
1186,Basic,70
1187,Standard,70
1188,Premium,40
1189,Basic,70
1190,Basic,20
1191,Basic,70
1192,Standard,70
1193,Basic,40
1194,Basic,40
1195,Standard,40
1196,Standard,40
1197,Basic,20
1198,Basic,70
1199,Standard,70
1200,Basic,40
1201,Basic,20
1202,Premium,20
1203,Basic,70
1204,Standard,40
1205,Premium,70
1206,Basic,70
1207,Basic,20
1208,Standard,20
1209,Premium,70
1210,Premium,40
1211,Standard,40
1212,Basic,70
1213,Standard,70
1214,Basic,40
1215,Basic,40
1216,Basic,40
1217,Basic,70
1218,Standard,20
1219,Basic,40
1220,Basic,40
1221,Basic,40
1222,Premium,70
1223,Standard,20
1224,Basic,20
1225,Basic,40
1226,Basic,70
1227,Premium,20
1228,Standard,70
1229,Standard,20
1230,Standard,40
1231,Basic,70
1232,Premium,40
1233,Standard,20
1234,Basic,20
1235,Basic,40
1236,Standard,20
1237,Premium,40
1238,Basic,40
1239,Premium,40
1240,Standard,20
1241,Basic,70
1242,Basic,40
1243,Basic,70
1244,Standard,20
1245,Basic,20
1246,Basic,70
1247,Standard,40
1248,Standard,20
1249,Basic,40
1250,Basic,40
1251,Basic,70
1252,Standard,20
1253,Premium,70
1254,Basic,20
1255,Premium,70
1256,Standard,20
1257,Standard,20
1258,Standard,20
1259,Basic,40
1260,Basic,40
1261,Standard,70
1262,Standard,70
1263,Standard,20
1264,Basic,20
1265,Premium,40
1266,Standard,40
1267,Basic,40
1268,Basic,70
1269,Standard,40
1270,Standard,70
1271,Basic,40
1272,Premium,40
1273,Basic,20
1274,Basic,70
1275,Premium,40
1276,Premium,20
1277,Standard,70
1278,Premium,70
1279,Basic,40
1280,Premium,70
1281,Basic,20
1282,Basic,20
1283,Basic,70
1284,Basic,20
1285,Basic,70
1286,Basic,20
1287,Basic,70
1288,Basic,70
1289,Standard,70
1290,Basic,20
1291,Basic,70
1292,Standard,70
1293,Premium,40
1294,Standard,40
1295,Basic,70
1296,Standard,40
1297,Basic,70
1298,Basic,40
1299,Basic,20
1300,Premium,20
1301,Basic,70
1302,Basic,70
1303,Basic,20
1304,Premium,20
1305,Standard,40
1306,Basic,70
1307,Standard,20
1308,Standard,20
1309,Standard,70
1310,Basic,40
1311,Premium,40
1312,Basic,40
1313,Standard,40
1314,Basic,20
1315,Basic,70
1316,Basic,70
1317,Standard,20
1318,Basic,20
1319,Standard,20
1320,Basic,70
1321,Standard,70
1322,Premium,70
1323,Standard,40
1324,Standard,20
1325,Standard,20
1326,Basic,20
1327,Premium,70
1328,Basic,20
1329,Standard,20
1330,Standard,40
1331,Basic,70
1332,Basic,20
1333,Basic,70
1334,Premium,70
1335,Premium,70
1336,Standard,40
1337,Standard,70
1338,Premium,70
1339,Basic,70
1340,Basic,20
1341,Standard,40
1342,Premium,20
1343,Premium,40
1344,Basic,40
1345,Basic,70
1346,Basic,70
1347,Basic,20
1348,Basic,40
1349,Standard,70
1350,Basic,70
1351,Premium,70
1352,Basic,70
1353,Standard,20
1354,Basic,20
1355,Basic,70
1356,Basic,70
1357,Premium,70
1358,Premium,70
1359,Basic,70
1360,Basic,40
1361,Premium,40
1362,Basic,40
1363,Basic,40
1364,Standard,70
1365,Premium,40
1366,Basic,40
1367,Basic,20
1368,Premium,40
1369,Basic,40
1370,Basic,70
1371,Standard,40
1372,Premium,40
1373,Basic,70
1374,Premium,40
1375,Standard,70
1376,Basic,40
1377,Premium,20
1378,Basic,20
1379,Basic,40
1380,Standard,20
1381,Basic,70
1382,Basic,40
1383,Basic,70
1384,Basic,20
1385,Premium,70
1386,Standard,20
1387,Premium,20
1388,Basic,20
1389,Basic,70
1390,Basic,20
1391,Basic,40
1392,Basic,20
1393,Standard,40
1394,Premium,40
1395,Premium,40
1396,Basic,40
1397,Premium,70
1398,Basic,40
1399,Basic,20
1400,Premium,40
1401,Standard,20
1402,Basic,70
1403,Basic,40
1404,Basic,20
1405,Standard,70
1406,Basic,70
1407,Premium,20
1408,Basic,40
1409,Basic,70
1410,Basic,20
1411,Standard,40
1412,Basic,70
1413,Standard,20
1414,Premium,70
1415,Premium,70
1416,Premium,20
1417,Premium,70
1418,Standard,20
1419,Premium,40
1420,Basic,20
1421,Basic,40
1422,Basic,70
1423,Basic,20
1424,Basic,20
1425,Premium,20
1426,Basic,20
1427,Basic,40
1428,Standard,40
1429,Basic,70
1430,Basic,70
1431,Basic,70
1432,Basic,70
1433,Basic,20
1434,Standard,40
1435,Standard,40
1436,Basic,40
1437,Basic,40
1438,Basic,70
1439,Standard,20
1440,Basic,40
1441,Basic,20
1442,Standard,20
1443,Basic,20
1444,Basic,20
1445,Basic,40
1446,Premium,40
1447,Premium,40
1448,Standard,70
1449,Basic,40
1450,Standard,70
1451,Premium,70
1452,Premium,70
1453,Basic,40
1454,Premium,40
1455,Basic,40
1456,Basic,70
1457,Standard,70
1458,Basic,20
1459,Premium,70
1460,Basic,70
1461,Standard,40
1462,Premium,20
1463,Premium,20
1464,Basic,20
1465,Basic,40
1466,Standard,20
1467,Basic,20
1468,Premium,40
1469,Premium,20
1470,Basic,70
1471,Basic,70
1472,Basic,70
1473,Premium,70
1474,Basic,70
1475,Basic,70
1476,Basic,70
1477,Standard,70
1478,Basic,70
1479,Basic,40
1480,Premium,40
1481,Premium,70
1482,Standard,40
1483,Basic,40
1484,Basic,70
1485,Standard,70
1486,Basic,40
1487,Premium,70
1488,Standard,70
1489,Basic,70
1490,Premium,70
1491,Premium,40
1492,Basic,20
1493,Standard,40
1494,Basic,20
1495,Basic,20
1496,Basic,20
1497,Standard,40
1498,Premium,40
1499,Standard,40
1500,Basic,40
1501,Standard,40
1502,Basic,20
1503,Premium,40
1504,Basic,20
1505,Basic,40
1506,Basic,40
1507,Standard,70
1508,Basic,20
1509,Standard,40
1510,Basic,40
1511,Basic,40
1512,Basic,70
1513,Premium,20
1514,Premium,40
1515,Basic,40
1516,Basic,40
1517,Basic,70
1518,Standard,40
1519,Basic,20
1520,Premium,20
1521,Premium,20
1522,Basic,20
1523,Basic,40
1524,Premium,70
1525,Premium,70
1526,Basic,70
1527,Basic,40
1528,Basic,70
1529,Basic,20
1530,Basic,40
1531,Basic,70
1532,Standard,20
1533,Basic,20
1534,Basic,40
1535,Basic,40
1536,Premium,70
1537,Premium,70
1538,Basic,70
1539,Basic,40
1540,Premium,70
1541,Basic,70
1542,Basic,20
1543,Basic,20
1544,Basic,20
1545,Basic,70
1546,Premium,40
1547,Standard,20
1548,Basic,40
1549,Premium,70
1550,Basic,70
1551,Basic,20
1552,Standard,40
1553,Standard,20
1554,Basic,70
1555,Basic,40
1556,Standard,20
1557,Standard,70
1558,Standard,20
1559,Basic,40
1560,Basic,40
1561,Basic,40
1562,Basic,40
1563,Premium,40
1564,Basic,20
1565,Basic,20
1566,Standard,20
1567,Basic,20
1568,Basic,70
1569,Premium,70
1570,Premium,20
1571,Standard,70
1572,Basic,70
1573,Standard,40
1574,Standard,20
1575,Basic,70
1576,Basic,70
1577,Premium,20
1578,Basic,40
1579,Standard,20
1580,Basic,40
1581,Basic,70
1582,Basic,40
1583,Premium,40
1584,Basic,20
1585,Standard,70
1586,Standard,20
1587,Standard,20
1588,Premium,70
1589,Standard,20
1590,Basic,20
1591,Premium,40
1592,Standard,20
1593,Basic,70
1594,Basic,20
1595,Premium,40
1596,Basic,20
1597,Standard,20
1598,Basic,20
1599,Basic,40
1600,Standard,70
1601,Basic,70
1602,Basic,40
1603,Standard,40
1604,Basic,20
1605,Standard,70
1606,Premium,40
1607,Standard,70
1608,Basic,20
1609,Basic,40
1610,Standard,70
1611,Premium,70
1612,Premium,20
1613,Premium,40
1614,Basic,70
1615,Basic,20
1616,Basic,70
1617,Basic,20
1618,Basic,70
1619,Premium,70
1620,Basic,20
1621,Basic,40
1622,Basic,20
1623,Premium,40
1624,Standard,70
1625,Standard,70
1626,Premium,20
1627,Basic,20
1628,Standard,40
1629,Basic,40
1630,Basic,40
1631,Premium,20
1632,Standard,70
1633,Basic,20
1634,Basic,70
1635,Standard,20
1636,Basic,20
1637,Basic,40
1638,Basic,70
1639,Basic,20
1640,Premium,20
1641,Basic,70
1642,Basic,20
1643,Standard,70
1644,Premium,40
1645,Basic,40
1646,Basic,70
1647,Basic,40
1648,Standard,70
1649,Standard,20
1650,Premium,20
1651,Premium,70
1652,Standard,20
1653,Standard,40
1654,Basic,20
1655,Basic,20
1656,Premium,70
1657,Basic,40
1658,Basic,20
1659,Standard,20
1660,Basic,70
1661,Standard,70
1662,Standard,40
1663,Basic,20
1664,Premium,70
1665,Basic,70
1666,Basic,70
1667,Standard,40
1668,Standard,70
1669,Standard,40
1670,Basic,40
1671,Standard,20
1672,Basic,20
1673,Premium,40
1674,Basic,20
1675,Standard,20
1676,Basic,70
1677,Basic,20
1678,Basic,40
1679,Premium,20
1680,Standard,70
1681,Premium,40
1682,Basic,20
1683,Basic,40
1684,Basic,20
1685,Premium,70
1686,Basic,20
1687,Premium,40
1688,Premium,40
1689,Premium,40
1690,Standard,20
1691,Standard,20
1692,Standard,20
1693,Basic,70
1694,Standard,70
1695,Basic,70
1696,Basic,40
1697,Basic,40
1698,Basic,40
1699,Basic,40
1700,Basic,40
1701,Standard,20
1702,Basic,40
1703,Standard,20
1704,Basic,70
1705,Standard,70
1706,Standard,70
1707,Standard,70
1708,Standard,70
1709,Basic,40
1710,Standard,40
1711,Basic,40
1712,Basic,70
1713,Standard,70
1714,Basic,20
1715,Standard,40
1716,Standard,70
1717,Basic,70
1718,Basic,70
1719,Basic,20
1720,Premium,70
1721,Standard,20
1722,Basic,20
1723,Basic,40
1724,Standard,70
1725,Premium,20
1726,Basic,70
1727,Basic,40
1728,Premium,40
1729,Basic,20
1730,Basic,40
1731,Premium,40
1732,Standard,40
1733,Basic,70
1734,Basic,70
1735,Basic,20
1736,Basic,20
1737,Premium,40
1738,Basic,40
1739,Standard,20
1740,Premium,40
1741,Basic,20
1742,Basic,70
1743,Standard,40
1744,Premium,40
1745,Premium,40
1746,Basic,70
1747,Standard,70
1748,Standard,40
1749,Premium,20
1750,Basic,70
1751,Standard,40
1752,Premium,40
1753,Basic,70
1754,Basic,20
1755,Basic,40
1756,Basic,20
1757,Basic,20
1758,Premium,70
1759,Basic,40
1760,Basic,40
1761,Standard,20
1762,Basic,70
1763,Basic,70
1764,Standard,70
1765,Premium,20
1766,Standard,20
1767,Standard,40
1768,Basic,70
1769,Premium,20
1770,Basic,70
1771,Standard,20
1772,Basic,40
1773,Premium,70
1774,Standard,20
1775,Standard,70
1776,Basic,20
1777,Basic,20
1778,Standard,20
1779,Standard,70
1780,Basic,20
1781,Premium,40
1782,Premium,70
1783,Basic,40
1784,Premium,40
1785,Standard,70
1786,Basic,20
1787,Basic,40
1788,Standard,70
1789,Standard,20
1790,Basic,70
1791,Standard,70
1792,Standard,70
1793,Standard,20
1794,Basic,40
1795,Premium,40
1796,Basic,70
1797,Basic,70
1798,Basic,20
1799,Basic,70
1800,Premium,70
1801,Basic,70
1802,Standard,40
1803,Basic,70
1804,Basic,40
1805,Premium,20
1806,Standard,20
1807,Basic,40
1808,Standard,40
1809,Basic,40
1810,Basic,40
1811,Standard,70
1812,Standard,40
1813,Basic,40
1814,Premium,40
1815,Standard,70
1816,Basic,70
1817,Standard,70
1818,Standard,20
1819,Standard,70
1820,Basic,40
1821,Standard,70
1822,Basic,70
1823,Premium,40
1824,Standard,70
1825,Basic,20
1826,Standard,70
1827,Premium,20
1828,Premium,20
1829,Basic,20
1830,Basic,40
1831,Standard,70
1832,Basic,20
1833,Premium,20
1834,Basic,70
1835,Basic,40
1836,Basic,40
1837,Basic,20
1838,Standard,40
1839,Basic,70
1840,Basic,40
1841,Basic,70
1842,Standard,20
1843,Basic,70
1844,Standard,20
1845,Standard,70
1846,Standard,70
1847,Premium,40
1848,Premium,70
1849,Premium,20
1850,Basic,70
1851,Basic,20
1852,Basic,20
1853,Premium,70
1854,Premium,40
1855,Premium,70
1856,Basic,70
1857,Premium,40
1858,Basic,20
1859,Basic,70
1860,Basic,40
1861,Basic,40
1862,Standard,20
1863,Basic,40
1864,Basic,20
1865,Standard,70
1866,Premium,40
1867,Standard,70
1868,Basic,40
1869,Premium,40
1870,Premium,70
1871,Basic,40
1872,Standard,70
1873,Basic,70
1874,Basic,20
1875,Standard,70
1876,Premium,20
1877,Basic,70
1878,Premium,40
1879,Premium,70
1880,Premium,40
1881,Basic,20
1882,Premium,40
1883,Basic,70
1884,Standard,40
1885,Basic,20
1886,Basic,40
1887,Standard,40
1888,Basic,70
1889,Basic,70
1890,Basic,40
1891,Standard,20
1892,Basic,40
1893,Premium,20
1894,Basic,20
1895,Basic,20
1896,Basic,40
1897,Basic,20
1898,Basic,40
1899,Basic,20
1900,Premium,20
1901,Standard,40
1902,Basic,70
1903,Basic,70
1904,Premium,40
1905,Basic,40
1906,Basic,70
1907,Standard,70
1908,Standard,70
1909,Standard,40
1910,Basic,20
1911,Basic,40
1912,Standard,70
1913,Basic,20
1914,Standard,40
1915,Standard,70
1916,Basic,40
1917,Premium,20
1918,Premium,70
1919,Standard,40
1920,Basic,20
1921,Basic,20
1922,Basic,40
1923,Basic,20
1924,Premium,70
1925,Basic,20
1926,Basic,40
1927,Basic,70
1928,Standard,20
1929,Basic,20
1930,Basic,70
1931,Basic,70
1932,Premium,20
1933,Basic,70
1934,Premium,40
1935,Premium,20
1936,Basic,40
1937,Standard,20
1938,Basic,40
1939,Premium,40
1940,Standard,70
1941,Basic,20
1942,Basic,70
1943,Basic,70
1944,Premium,20
1945,Basic,40
1946,Standard,20
1947,Basic,20
1948,Premium,20
1949,Basic,70
1950,Standard,20
1951,Basic,20
1952,Standard,20
1953,Basic,40
1954,Basic,40
1955,Basic,40
1956,Standard,40
1957,Basic,70
1958,Standard,70
1959,Basic,20
1960,Premium,70
1961,Premium,40
1962,Standard,20
1963,Basic,20
1964,Basic,40
1965,Basic,40
1966,Basic,40
1967,Standard,70
1968,Standard,20
1969,Premium,40
1970,Basic,20
1971,Standard,20
1972,Basic,70
1973,Standard,20
1974,Basic,40
1975,Basic,40
1976,Basic,20
1977,Standard,20
1978,Premium,70
1979,Basic,40
1980,Basic,40
1981,Basic,20
1982,Standard,20
1983,Basic,20
1984,Standard,40
1985,Premium,20
1986,Premium,70
1987,Basic,70
1988,Premium,20
1989,Standard,70
1990,Basic,70
1991,Standard,70
1992,Premium,70
1993,Basic,70
1994,Basic,40
1995,Basic,20
1996,Standard,70
1997,Basic,20
1998,Premium,70
1999,Standard,40
2000,Standard,40
2001,Basic,70
2002,Standard,70
2003,Basic,70
2004,Basic,40
2005,Standard,40
2006,Basic,20
2007,Standard,40
2008,Basic,70
2009,Basic,20
2010,Basic,40
2011,Premium,40
2012,Standard,70
2013,Standard,20
2014,Basic,40
2015,Basic,40
2016,Premium,70
2017,Basic,20
2018,Basic,20
2019,Standard,20
2020,Basic,20
2021,Premium,70
2022,Standard,40
2023,Basic,40
2024,Basic,20
2025,Basic,20
2026,Premium,20
2027,Standard,40
2028,Basic,40
2029,Basic,20
2030,Standard,70
2031,Standard,40
2032,Basic,40
2033,Basic,20
2034,Basic,70
2035,Standard,20
2036,Premium,20
2037,Basic,70
2038,Standard,70
2039,Basic,70
2040,Basic,40
2041,Basic,20
2042,Premium,40
2043,Basic,70
2044,Standard,40
2045,Basic,70
2046,Basic,70
2047,Basic,20
2048,Standard,20
2049,Basic,20
2050,Standard,40
2051,Basic,20
2052,Basic,70
2053,Basic,20
2054,Basic,40
2055,Basic,20
2056,Basic,20
2057,Standard,20
2058,Standard,40
2059,Basic,70
2060,Basic,70
2061,Basic,70
2062,Basic,20
2063,Basic,20
2064,Premium,40
2065,Basic,70
2066,Basic,20
2067,Basic,20
2068,Basic,20
2069,Standard,40
2070,Basic,70
2071,Basic,40
2072,Standard,70
2073,Basic,70
2074,Standard,20
2075,Standard,20
2076,Basic,20
2077,Standard,20
2078,Basic,20
2079,Standard,70
2080,Basic,20
2081,Basic,20
2082,Standard,40
2083,Premium,40
2084,Premium,70
2085,Standard,70
2086,Basic,40
2087,Basic,40
2088,Basic,20
2089,Basic,20
2090,Basic,70
2091,Premium,40
2092,Basic,70
2093,Basic,20
2094,Basic,70
2095,Premium,70
2096,Standard,70
2097,Standard,20
2098,Basic,70
2099,Premium,20
2100,Basic,40
2101,Premium,70
2102,Standard,70
2103,Basic,20
2104,Basic,70
2105,Standard,20
2106,Basic,70
2107,Premium,40
2108,Basic,40
2109,Basic,40
2110,Basic,70
2111,Basic,70
2112,Basic,40
2113,Basic,40
2114,Standard,20
2115,Basic,20
2116,Premium,40
2117,Standard,40
2118,Premium,70
2119,Basic,40
2120,Basic,20
2121,Basic,20
2122,Standard,20
2123,Premium,20
2124,Basic,20
2125,Basic,20
2126,Premium,40
2127,Basic,20
2128,Standard,20
2129,Standard,20
2130,Premium,20
2131,Basic,40
2132,Basic,70
2133,Standard,70
2134,Premium,70
2135,Basic,70
2136,Basic,20
2137,Standard,70
2138,Premium,70
2139,Premium,40
2140,Premium,40
2141,Basic,40
2142,Basic,20
2143,Standard,20
2144,Premium,20
2145,Basic,40
2146,Basic,70
2147,Standard,40
2148,Basic,20
2149,Basic,40
2150,Standard,70
2151,Standard,20
2152,Standard,70
2153,Basic,70
2154,Standard,20
2155,Standard,70
2156,Standard,40
2157,Standard,70
2158,Basic,70
2159,Basic,70
2160,Basic,40
2161,Basic,70
2162,Standard,70
2163,Premium,40
2164,Standard,20
2165,Standard,20
2166,Basic,20
2167,Basic,70
2168,Basic,20
2169,Basic,40
2170,Basic,70
2171,Standard,70
2172,Premium,70
2173,Basic,20
2174,Basic,20
2175,Standard,20
2176,Basic,70
2177,Premium,40
2178,Standard,70
2179,Premium,40
2180,Basic,70
2181,Standard,40
2182,Basic,70
2183,Standard,70
2184,Basic,40
2185,Basic,40
2186,Standard,40
2187,Standard,40
2188,Premium,40
2189,Standard,40
2190,Standard,40
2191,Basic,40
2192,Standard,70
2193,Standard,40
2194,Premium,40
2195,Premium,70
2196,Basic,70
2197,Premium,20
2198,Basic,20
2199,Basic,40
2200,Standard,40
2201,Basic,20
2202,Standard,20
2203,Basic,40
2204,Basic,20
2205,Standard,40
2206,Standard,70
2207,Premium,70
2208,Standard,20
2209,Standard,70
2210,Basic,70
2211,Basic,70
2212,Basic,70
2213,Standard,40
2214,Standard,40
2215,Basic,20
2216,Standard,70
2217,Standard,70
2218,Basic,70
2219,Basic,20
2220,Premium,40
2221,Standard,70
2222,Premium,40
2223,Basic,20
2224,Premium,40
2225,Basic,70
2226,Basic,40
2227,Premium,40
2228,Basic,20
2229,Standard,20
2230,Basic,20
2231,Standard,20
2232,Premium,40
2233,Basic,40
2234,Standard,20
2235,Basic,20
2236,Standard,70
2237,Basic,70
2238,Basic,20
2239,Basic,40
2240,Basic,20
2241,Premium,40
2242,Basic,40
2243,Basic,70
2244,Basic,20
2245,Basic,20
2246,Standard,40
2247,Premium,20
2248,Basic,70
2249,Premium,70
2250,Standard,20
2251,Basic,20
2252,Standard,70
2253,Standard,20
2254,Standard,40
2255,Premium,20
2256,Basic,40
2257,Premium,20
2258,Standard,20
2259,Basic,70
2260,Standard,40
2261,Basic,70
2262,Premium,20
2263,Standard,70
2264,Basic,20
2265,Basic,20
2266,Standard,20
2267,Basic,40
2268,Basic,40
2269,Basic,40
2270,Basic,70
2271,Basic,20
2272,Basic,70
2273,Basic,70
2274,Standard,20
2275,Standard,70
2276,Basic,20
2277,Basic,20
2278,Standard,20
2279,Basic,20
2280,Basic,70
2281,Basic,70
2282,Premium,70
2283,Standard,40
2284,Standard,70
2285,Standard,70
2286,Standard,40
2287,Basic,20
2288,Standard,20
2289,Basic,20
2290,Standard,40
2291,Standard,70
2292,Standard,70
2293,Basic,70
2294,Basic,70
2295,Standard,40
2296,Standard,70
2297,Premium,20
2298,Basic,40
2299,Standard,40
2300,Standard,20
2301,Premium,20
2302,Standard,70
2303,Standard,20
2304,Standard,40
2305,Standard,40
2306,Premium,40
2307,Basic,70
2308,Basic,70
2309,Premium,20
2310,Standard,70
2311,Standard,70
2312,Basic,40
2313,Basic,40
2314,Standard,20
2315,Standard,40
2316,Basic,70
2317,Basic,20
2318,Premium,20
2319,Basic,40
2320,Premium,40
2321,Basic,40
2322,Standard,20
2323,Premium,40
2324,Standard,70
2325,Basic,20
2326,Standard,40
2327,Basic,70
2328,Basic,70
2329,Premium,40
2330,Standard,70
2331,Standard,20
2332,Basic,20
2333,Basic,70
2334,Basic,20
2335,Standard,40
2336,Standard,70
2337,Standard,20
2338,Premium,40
2339,Basic,40
2340,Basic,20
2341,Basic,70
2342,Basic,40
2343,Basic,40
2344,Premium,40
2345,Basic,40
2346,Premium,70
2347,Basic,20
2348,Premium,20
2349,Standard,20
2350,Premium,40
2351,Basic,70
2352,Standard,20
2353,Premium,70
2354,Basic,20
2355,Basic,40
2356,Basic,20
2357,Premium,40
2358,Standard,40
2359,Standard,20
2360,Basic,70
2361,Basic,40
2362,Premium,70
2363,Basic,20
2364,Standard,40
2365,Premium,70
2366,Basic,40
2367,Standard,20
2368,Basic,40
2369,Standard,20
2370,Basic,70
2371,Standard,40
2372,Basic,70
2373,Basic,20
2374,Standard,20
2375,Basic,70
2376,Standard,70
2377,Basic,20
2378,Standard,70
2379,Basic,20
2380,Standard,70
2381,Basic,20
2382,Basic,20
2383,Basic,40
2384,Standard,20
2385,Basic,20
2386,Premium,40
2387,Premium,40
2388,Basic,70
2389,Standard,70
2390,Basic,20
2391,Basic,70
2392,Standard,70
2393,Standard,20
2394,Standard,40
2395,Basic,40
2396,Basic,20
2397,Basic,20
2398,Standard,20
2399,Standard,20
2400,Standard,20
2401,Basic,20
2402,Basic,70
2403,Basic,70
2404,Basic,70
2405,Basic,40
2406,Premium,20
2407,Premium,20
2408,Standard,70
2409,Basic,40
2410,Basic,70
2411,Premium,20
2412,Basic,20
2413,Premium,70
2414,Basic,70
2415,Basic,20
2416,Premium,70
2417,Basic,20
2418,Standard,70
2419,Standard,40
2420,Basic,20
2421,Basic,40
2422,Standard,70
2423,Standard,40
2424,Basic,70
2425,Premium,40
2426,Basic,40
2427,Basic,40
2428,Basic,20
2429,Basic,40
2430,Basic,70
2431,Premium,70
2432,Basic,20
2433,Basic,20
2434,Basic,70
2435,Standard,40
2436,Premium,70
2437,Basic,20
2438,Basic,20
2439,Basic,70
2440,Basic,40
2441,Basic,40
2442,Basic,20
2443,Basic,70
2444,Standard,70
2445,Basic,20
2446,Premium,70
2447,Premium,20
2448,Standard,40
2449,Basic,40
2450,Basic,70
2451,Basic,40
2452,Standard,40
2453,Basic,20
2454,Premium,20
2455,Premium,70
2456,Basic,20
2457,Standard,70
2458,Basic,70
2459,Basic,20
2460,Basic,40
2461,Basic,40
2462,Premium,40
2463,Basic,40
2464,Basic,70
2465,Standard,40
2466,Standard,70
2467,Basic,20
2468,Premium,20
2469,Standard,70
2470,Basic,40
2471,Basic,70
2472,Basic,40
2473,Premium,40
2474,Standard,70
2475,Premium,70
2476,Basic,40
2477,Basic,70
2478,Basic,40
2479,Basic,70
2480,Standard,20
2481,Standard,40
2482,Basic,20
2483,Basic,70
2484,Basic,20
2485,Basic,70
2486,Basic,40
2487,Basic,70
2488,Basic,70
2489,Basic,40
2490,Basic,70
2491,Basic,40
2492,Standard,70
2493,Basic,40
2494,Premium,20
2495,Basic,70
2496,Basic,70
2497,Basic,70
2498,Basic,40
2499,Premium,70
2500,Basic,40
2501,Premium,70
2502,Premium,20
2503,Standard,70
2504,Standard,20
2505,Standard,40
2506,Basic,20
2507,Standard,70
2508,Basic,70
2509,Basic,40
2510,Basic,70
2511,Standard,70
2512,Premium,40
2513,Basic,40
2514,Premium,20
2515,Basic,40
2516,Basic,70
2517,Basic,40
2518,Basic,70
2519,Basic,20
2520,Standard,40
2521,Premium,70
2522,Basic,40
2523,Basic,40
2524,Premium,40
2525,Standard,40
2526,Basic,20
2527,Basic,70
2528,Premium,40
2529,Standard,70
2530,Basic,20
2531,Basic,70
2532,Premium,70
2533,Basic,20
2534,Premium,40
2535,Basic,70
2536,Standard,70
2537,Basic,40
2538,Basic,40
2539,Premium,70
2540,Basic,20
2541,Standard,40
2542,Basic,40
2543,Basic,20
2544,Basic,70
2545,Standard,40
2546,Basic,70
2547,Basic,70
2548,Basic,70
2549,Standard,20
2550,Standard,70
2551,Basic,70
2552,Basic,40
2553,Premium,40
2554,Basic,20
2555,Premium,20
2556,Premium,40
2557,Standard,40
2558,Basic,20
2559,Premium,70
2560,Standard,20
2561,Standard,70
2562,Basic,40
2563,Basic,40
2564,Basic,40
2565,Standard,70
2566,Standard,20
2567,Basic,70
2568,Basic,20
2569,Basic,20
2570,Standard,20
2571,Premium,40
2572,Basic,20
2573,Basic,40
2574,Basic,20
2575,Standard,20
2576,Standard,40
2577,Premium,40
2578,Basic,70
2579,Premium,20
2580,Basic,40
2581,Standard,70
2582,Basic,70
2583,Premium,40
2584,Standard,20
2585,Standard,70
2586,Premium,20
2587,Basic,20
2588,Basic,70
2589,Premium,40
2590,Basic,20
2591,Basic,40
2592,Basic,70
2593,Standard,20
2594,Basic,40
2595,Basic,40
2596,Basic,20
2597,Basic,40
2598,Premium,40
2599,Premium,70
2600,Standard,70
2601,Basic,40
2602,Premium,40
2603,Standard,20
2604,Basic,70
2605,Premium,20
2606,Standard,40
2607,Standard,20
2608,Standard,40
2609,Basic,70
2610,Basic,70
2611,Standard,40
2612,Basic,70
2613,Basic,40
2614,Standard,20
2615,Standard,40
2616,Basic,20
2617,Standard,40
2618,Premium,70
2619,Standard,40
2620,Basic,40
2621,Basic,40
2622,Basic,70
2623,Basic,40
2624,Basic,70
2625,Basic,40
2626,Basic,20
2627,Premium,40
2628,Basic,20
2629,Standard,70
2630,Standard,70
2631,Basic,40
2632,Premium,70
2633,Standard,40
2634,Basic,70
2635,Standard,20
2636,Basic,70
2637,Standard,20
2638,Basic,40
2639,Premium,40
2640,Basic,40
2641,Standard,20
2642,Basic,40
2643,Standard,40
2644,Standard,20
2645,Basic,70
2646,Standard,40
2647,Basic,70
2648,Premium,70
2649,Basic,40
2650,Premium,40
2651,Premium,20
2652,Basic,20
2653,Basic,40
2654,Basic,70
2655,Premium,20
2656,Basic,20
2657,Standard,40
2658,Premium,40
2659,Basic,40
2660,Standard,40
2661,Basic,20
2662,Basic,20
2663,Standard,20
2664,Basic,70
2665,Basic,20
2666,Premium,20
2667,Basic,40
2668,Premium,20
2669,Premium,20
2670,Basic,20
2671,Basic,40
2672,Standard,20
2673,Basic,20
2674,Basic,70
2675,Standard,70
2676,Basic,70
2677,Premium,70
2678,Basic,40
2679,Basic,70
2680,Basic,20
2681,Premium,70
2682,Standard,40
2683,Premium,70
2684,Basic,70
2685,Basic,40
2686,Basic,40
2687,Basic,40
2688,Standard,40
2689,Standard,40
2690,Basic,40
2691,Premium,20
2692,Basic,70
2693,Premium,70
2694,Basic,40
2695,Basic,40
2696,Basic,20
2697,Basic,20
2698,Standard,40
2699,Basic,20
2700,Basic,20
2701,Standard,40
2702,Standard,40
2703,Premium,40
2704,Basic,40
2705,Standard,70
2706,Standard,70
2707,Basic,40
2708,Basic,20
2709,Basic,40
2710,Basic,70
2711,Basic,20
2712,Basic,70
2713,Standard,40
2714,Standard,70
2715,Premium,70
2716,Standard,70
2717,Basic,20
2718,Premium,70
2719,Premium,20
2720,Basic,40
2721,Standard,40
2722,Premium,70
2723,Standard,20
2724,Premium,40
2725,Basic,20
2726,Basic,20
2727,Basic,70
2728,Standard,70
2729,Premium,20
2730,Premium,20
2731,Basic,70
2732,Basic,20
2733,Premium,70
2734,Standard,20
2735,Basic,70
2736,Basic,20
2737,Standard,70
2738,Standard,20
2739,Basic,40
2740,Basic,40
2741,Premium,20
2742,Standard,40
2743,Basic,20
2744,Basic,20
2745,Standard,40
2746,Basic,20
2747,Basic,70
2748,Standard,20
2749,Basic,20
2750,Standard,40
2751,Basic,70
2752,Standard,20
2753,Basic,20
2754,Basic,20
2755,Basic,20
2756,Premium,20
2757,Premium,20
2758,Basic,70
2759,Standard,70
2760,Standard,20
2761,Premium,20
2762,Basic,40
2763,Standard,70
2764,Basic,70
2765,Basic,20
2766,Premium,70
2767,Standard,70
2768,Basic,40
2769,Basic,40
2770,Standard,70
2771,Standard,70
2772,Basic,70
2773,Premium,20
2774,Basic,40
2775,Basic,20
2776,Premium,40
2777,Basic,40
2778,Basic,40
2779,Standard,70
2780,Premium,40
2781,Basic,20
2782,Premium,40
2783,Standard,20
2784,Basic,40
2785,Standard,40
2786,Basic,70
2787,Basic,20
2788,Standard,40
2789,Premium,40
2790,Basic,20
2791,Basic,40
2792,Basic,70
2793,Basic,20
2794,Basic,70
2795,Basic,20
2796,Standard,20
2797,Basic,20
2798,Basic,40
2799,Premium,20
2800,Premium,20
2801,Basic,20
2802,Basic,70
2803,Standard,20
2804,Basic,40
2805,Basic,20
2806,Standard,20
2807,Basic,70
2808,Basic,40
2809,Basic,40
2810,Basic,40
2811,Basic,20
2812,Premium,20
2813,Basic,40
2814,Basic,40
2815,Basic,70
2816,Premium,40
2817,Standard,20
2818,Basic,20
2819,Premium,20
2820,Basic,70
2821,Basic,40
2822,Basic,20
2823,Basic,70
2824,Basic,70
2825,Standard,20
2826,Basic,70
2827,Standard,70
2828,Basic,20
2829,Basic,70
2830,Basic,20
2831,Premium,20
2832,Basic,70
2833,Standard,20
2834,Basic,20
2835,Basic,40
2836,Basic,20
2837,Basic,40
2838,Basic,40
2839,Basic,40
2840,Standard,40
2841,Basic,70
2842,Standard,70
2843,Basic,20
2844,Standard,20
2845,Standard,20
2846,Basic,70
2847,Basic,40
2848,Standard,70
2849,Premium,70
2850,Basic,20
2851,Basic,20
2852,Premium,20
2853,Basic,40
2854,Standard,40
2855,Basic,70
2856,Basic,40
2857,Standard,20
2858,Standard,40
2859,Basic,40
2860,Basic,40
2861,Standard,40
2862,Standard,20
2863,Basic,20
2864,Standard,70
2865,Standard,70
2866,Standard,70
2867,Standard,40
2868,Basic,40
2869,Standard,20
2870,Standard,70
2871,Basic,20
2872,Basic,70
2873,Basic,70
2874,Standard,70
2875,Basic,40
2876,Standard,70
2877,Premium,70
2878,Standard,40
2879,Premium,70
2880,Premium,40
2881,Basic,40
2882,Standard,20
2883,Basic,40
2884,Premium,40
2885,Basic,40
2886,Premium,70
2887,Standard,20
2888,Standard,70
2889,Basic,40
2890,Basic,40
2891,Standard,20
2892,Basic,20
2893,Premium,40
2894,Basic,40
2895,Standard,70
2896,Basic,40
2897,Standard,70
2898,Standard,20
2899,Basic,70
2900,Basic,40
2901,Basic,70
2902,Standard,70
2903,Standard,20
2904,Standard,70
2905,Standard,40
2906,Basic,70
2907,Basic,70
2908,Basic,70
2909,Basic,40
2910,Premium,70
2911,Premium,40
2912,Basic,70
2913,Standard,20
2914,Premium,20
2915,Basic,20
2916,Basic,40
2917,Basic,40
2918,Standard,40
2919,Premium,70
2920,Standard,40
2921,Basic,40
2922,Basic,40
2923,Standard,40
2924,Premium,20
2925,Standard,70
2926,Standard,20
2927,Basic,70
2928,Premium,70
2929,Standard,20
2930,Basic,40
2931,Standard,20
2932,Basic,70
2933,Basic,70
2934,Basic,40
2935,Basic,20
2936,Basic,70
2937,Basic,20
2938,Standard,40
2939,Basic,40
2940,Basic,70
2941,Basic,40
2942,Standard,70
2943,Basic,70
2944,Basic,40
2945,Premium,40
2946,Standard,20
2947,Premium,20
2948,Basic,70
2949,Basic,20
2950,Standard,70
2951,Basic,40
2952,Basic,40
2953,Basic,20
2954,Premium,70
2955,Basic,70
2956,Premium,20
2957,Premium,70
2958,Basic,70
2959,Standard,40
2960,Standard,70
2961,Premium,70
2962,Basic,70
2963,Standard,20
2964,Basic,20
2965,Premium,20
2966,Basic,70
2967,Basic,70
2968,Standard,20
2969,Premium,20
2970,Standard,70
2971,Basic,70
2972,Basic,40
2973,Premium,20
2974,Standard,70
2975,Premium,20
2976,Basic,20
2977,Basic,20
2978,Standard,40
2979,Premium,70
2980,Basic,70
2981,Premium,20
2982,Standard,70
2983,Basic,40
2984,Basic,20
2985,Basic,40
2986,Standard,40
2987,Basic,70
2988,Basic,70
2989,Premium,40
2990,Basic,70
2991,Basic,40
2992,Basic,40
2993,Standard,20
2994,Standard,40
2995,Basic,40
2996,Standard,70
2997,Standard,20
2998,Basic,70
2999,Basic,20
3000,Basic,70
3001,Basic,40
3002,Standard,20
3003,Standard,20
3004,Basic,20
3005,Basic,20
3006,Basic,70
3007,Standard,70
3008,Basic,20
3009,Standard,20
3010,Basic,20
3011,Standard,70
3012,Premium,20
3013,Basic,20
3014,Basic,20
3015,Premium,70
3016,Basic,40
3017,Standard,40
3018,Basic,70
3019,Standard,40
3020,Basic,20
3021,Premium,20
3022,Standard,70
3023,Standard,70
3024,Standard,40
3025,Standard,40
3026,Basic,20
3027,Premium,70
3028,Premium,40
3029,Basic,40
3030,Premium,20
3031,Standard,20
3032,Standard,20
3033,Basic,20
3034,Basic,40
3035,Basic,70
3036,Basic,70
3037,Standard,20
3038,Basic,20
3039,Basic,40
3040,Premium,20
3041,Basic,70
3042,Basic,20
3043,Basic,70
3044,Basic,20
3045,Standard,20
3046,Standard,70
3047,Standard,40
3048,Basic,40
3049,Standard,20
3050,Basic,20
3051,Basic,70
3052,Basic,70
3053,Basic,20
3054,Basic,70
3055,Basic,40
3056,Premium,40
3057,Basic,70
3058,Basic,70
3059,Basic,70
3060,Standard,40
3061,Basic,20
3062,Premium,70
3063,Premium,70
3064,Basic,70
3065,Basic,20
3066,Basic,70
3067,Standard,70
3068,Basic,40
3069,Basic,70
3070,Basic,40
3071,Standard,20
3072,Basic,70
3073,Basic,70
3074,Standard,40
3075,Standard,20
3076,Premium,20
3077,Basic,40
3078,Standard,20
3079,Standard,20
3080,Basic,20
3081,Standard,20
3082,Basic,20
3083,Premium,20
3084,Basic,20
3085,Standard,20
3086,Basic,70
3087,Premium,40
3088,Basic,20
3089,Premium,40
3090,Premium,20
3091,Basic,20
3092,Premium,70
3093,Premium,40
3094,Basic,40
3095,Basic,70
3096,Standard,70
3097,Basic,40
3098,Basic,20
3099,Basic,20
3100,Basic,40
3101,Basic,20
3102,Basic,70
3103,Premium,70
3104,Standard,70
3105,Basic,40
3106,Standard,40
3107,Standard,40
3108,Premium,20
3109,Basic,40
3110,Basic,40
3111,Premium,70
3112,Premium,20
3113,Standard,20
3114,Standard,70
3115,Basic,20
3116,Standard,40
3117,Basic,20
3118,Basic,70
3119,Premium,20
3120,Basic,70
3121,Basic,40
3122,Premium,40
3123,Basic,70
3124,Premium,40
3125,Premium,40
3126,Standard,20
3127,Basic,40
3128,Basic,70
3129,Basic,40
3130,Basic,20
3131,Basic,70
3132,Premium,40
3133,Basic,40
3134,Standard,40
3135,Basic,70
3136,Standard,20
3137,Premium,70
3138,Basic,70
3139,Basic,20
3140,Standard,70
3141,Standard,70
3142,Standard,40
3143,Basic,70
3144,Basic,40
3145,Premium,70
3146,Premium,40
3147,Basic,40
3148,Premium,40
3149,Basic,20
3150,Basic,70
3151,Basic,70
3152,Basic,70
3153,Standard,20
3154,Basic,40
3155,Basic,70
3156,Standard,20
3157,Standard,20
3158,Standard,70
3159,Premium,40
3160,Basic,20
3161,Standard,70
3162,Standard,40
3163,Standard,20
3164,Basic,20
3165,Basic,70
3166,Premium,70
3167,Basic,40
3168,Premium,70
3169,Standard,70
3170,Standard,40
3171,Premium,70
3172,Standard,40
3173,Basic,40
3174,Standard,40
3175,Premium,70
3176,Basic,40
3177,Basic,70
3178,Basic,40
3179,Premium,70
3180,Basic,40
3181,Standard,20
3182,Basic,20
3183,Basic,20
3184,Standard,40
3185,Basic,70
3186,Standard,40
3187,Standard,40
3188,Premium,40
3189,Basic,40
3190,Premium,70
3191,Standard,40
3192,Premium,20
3193,Basic,20
3194,Standard,20
3195,Premium,40
3196,Premium,70
3197,Basic,70
3198,Basic,70
3199,Basic,40
3200,Basic,70
3201,Basic,20
3202,Basic,70
3203,Premium,40
3204,Basic,40
3205,Standard,70
3206,Basic,40
3207,Basic,70
3208,Basic,70
3209,Basic,20
3210,Standard,40
3211,Premium,20
3212,Basic,40
3213,Basic,70
3214,Basic,40
3215,Premium,70
3216,Standard,40
3217,Standard,20
3218,Standard,20
3219,Premium,70
3220,Basic,20
3221,Basic,70
3222,Premium,70
3223,Standard,70
3224,Standard,40
3225,Standard,70
3226,Basic,20
3227,Standard,40
3228,Standard,20
3229,Basic,70
3230,Standard,70
3231,Premium,20
3232,Basic,40
3233,Basic,20
3234,Basic,70
3235,Standard,40
3236,Basic,70
3237,Standard,70
3238,Premium,20
3239,Basic,70
3240,Premium,20
3241,Premium,40
3242,Basic,70
3243,Basic,70
3244,Premium,40
3245,Premium,20
3246,Basic,70
3247,Basic,40
3248,Basic,70
3249,Premium,20
3250,Basic,20
3251,Standard,20
3252,Premium,20
3253,Basic,40
3254,Standard,70
3255,Basic,40
3256,Premium,20
3257,Basic,20
3258,Standard,20
3259,Standard,20
3260,Basic,70
3261,Basic,20
3262,Basic,70
3263,Basic,20
3264,Premium,70
3265,Premium,70
3266,Basic,20
3267,Standard,40
3268,Standard,40
3269,Premium,40
3270,Basic,40
3271,Basic,40
3272,Basic,20
3273,Standard,20
3274,Basic,20
3275,Basic,20
3276,Basic,20
3277,Standard,20
3278,Basic,70
3279,Basic,70
3280,Basic,20
3281,Basic,20
3282,Standard,70
3283,Basic,70
3284,Basic,20
3285,Standard,70
3286,Basic,40
3287,Basic,40
3288,Premium,40
3289,Basic,70
3290,Basic,20
3291,Basic,20
3292,Basic,20
3293,Standard,70
3294,Standard,70
3295,Standard,40
3296,Basic,70
3297,Basic,40
3298,Premium,40
3299,Premium,20
3300,Basic,70
3301,Basic,20
3302,Basic,20
3303,Basic,70
3304,Basic,70
3305,Basic,40
3306,Standard,40
3307,Standard,40
3308,Basic,40
3309,Basic,20
3310,Premium,20
3311,Basic,70
3312,Standard,40
3313,Basic,40
3314,Standard,40
3315,Basic,20
3316,Basic,70
3317,Basic,20
3318,Basic,70
3319,Basic,70
3320,Standard,20
3321,Basic,20
3322,Basic,70
3323,Standard,20
3324,Standard,20
3325,Premium,70
3326,Standard,70
3327,Basic,40
3328,Standard,20
3329,Premium,70
3330,Premium,20
3331,Basic,20
3332,Basic,70
3333,Basic,40
3334,Standard,70
3335,Standard,70
3336,Standard,20
3337,Basic,40
3338,Standard,70
3339,Premium,20
3340,Basic,70
3341,Standard,20
3342,Basic,70
3343,Premium,40
3344,Premium,70
3345,Standard,20
3346,Standard,70
3347,Premium,40
3348,Basic,40
3349,Basic,40
3350,Standard,40
3351,Basic,20
3352,Basic,70
3353,Premium,40
3354,Standard,70
3355,Basic,20
3356,Basic,70
3357,Basic,70
3358,Basic,40
3359,Basic,40
3360,Standard,20
3361,Basic,70
3362,Basic,20
3363,Basic,20
3364,Premium,20
3365,Basic,40
3366,Basic,40
3367,Basic,70
3368,Standard,70
3369,Standard,70
3370,Basic,40
3371,Basic,40
3372,Basic,20
3373,Standard,40
3374,Standard,20
3375,Basic,20
3376,Basic,40
3377,Basic,20
3378,Basic,20
3379,Standard,70
3380,Basic,20
3381,Basic,40
3382,Basic,40
3383,Premium,20
3384,Premium,70
3385,Basic,40
3386,Basic,40
3387,Basic,70
3388,Basic,20
3389,Basic,40
3390,Standard,20
3391,Standard,20
3392,Premium,20
3393,Basic,20
3394,Premium,40
3395,Standard,70
3396,Basic,40
3397,Basic,70
3398,Basic,20
3399,Basic,70
3400,Basic,20
3401,Standard,40
3402,Basic,40
3403,Premium,70
3404,Basic,20
3405,Premium,20
3406,Basic,70
3407,Standard,20
3408,Basic,20
3409,Basic,20
3410,Premium,40
3411,Basic,40
3412,Standard,40
3413,Standard,20
3414,Basic,40
3415,Basic,20
3416,Standard,20
3417,Basic,70
3418,Standard,20
3419,Premium,40
3420,Basic,40
3421,Basic,20
3422,Standard,40
3423,Basic,20
3424,Basic,70
3425,Basic,20
3426,Standard,20
3427,Basic,70
3428,Basic,40
3429,Standard,70
3430,Basic,70
3431,Basic,20
3432,Premium,20
3433,Standard,70
3434,Premium,40
3435,Basic,70
3436,Standard,40
3437,Basic,70
3438,Basic,70
3439,Basic,40
3440,Basic,70
3441,Premium,20
3442,Basic,70
3443,Standard,20
3444,Standard,40
3445,Standard,40
3446,Basic,20
3447,Standard,70
3448,Basic,20
3449,Basic,20
3450,Premium,40
3451,Basic,20
3452,Basic,70
3453,Premium,20
3454,Basic,40
3455,Standard,70
3456,Basic,40
3457,Basic,20
3458,Basic,20
3459,Basic,40
3460,Basic,40
3461,Standard,70
3462,Standard,40
3463,Premium,40
3464,Basic,20
3465,Standard,20
3466,Standard,40
3467,Premium,40
3468,Basic,20
3469,Standard,70
3470,Premium,70
3471,Basic,70
3472,Premium,70
3473,Basic,20
3474,Standard,40
3475,Premium,70
3476,Standard,20
3477,Basic,40
3478,Basic,70
3479,Premium,40
3480,Basic,70
3481,Basic,40
3482,Standard,70
3483,Basic,70
3484,Basic,40
3485,Basic,40
3486,Basic,40
3487,Standard,20
3488,Standard,20
3489,Standard,40
3490,Premium,20
3491,Premium,70
3492,Standard,40
3493,Basic,20
3494,Standard,40
3495,Basic,70
3496,Standard,70
3497,Standard,20
3498,Basic,70
3499,Premium,40
3500,Basic,20
3501,Standard,40
3502,Basic,40
3503,Premium,40
3504,Basic,70
3505,Basic,40
3506,Basic,70
3507,Basic,40
3508,Basic,70
3509,Standard,70
3510,Basic,70
3511,Basic,40
3512,Basic,40
3513,Premium,70
3514,Standard,40
3515,Standard,70
3516,Standard,40
3517,Basic,70
3518,Basic,70
3519,Basic,20
3520,Premium,40
3521,Premium,40
3522,Basic,20
3523,Basic,70
3524,Basic,70
3525,Basic,20
3526,Standard,20
3527,Basic,70
3528,Premium,40
3529,Basic,20
3530,Premium,20
3531,Standard,20
3532,Standard,20
3533,Standard,20
3534,Standard,20
3535,Standard,70
3536,Standard,70
3537,Standard,20
3538,Premium,70
3539,Standard,40
3540,Standard,40
3541,Premium,20
3542,Basic,40
3543,Basic,40
3544,Basic,70
3545,Standard,70
3546,Premium,70
3547,Basic,70
3548,Standard,40
3549,Standard,20
3550,Basic,70
3551,Standard,40
3552,Premium,70
3553,Basic,40
3554,Standard,70
3555,Standard,20
3556,Basic,70
3557,Basic,20
3558,Premium,70
3559,Basic,70
3560,Basic,70
3561,Basic,40
3562,Standard,40
3563,Standard,20
3564,Standard,20
3565,Basic,40
3566,Premium,20
3567,Basic,20
3568,Basic,40
3569,Basic,40
3570,Basic,40
3571,Premium,40
3572,Premium,70
3573,Basic,40
3574,Premium,20
3575,Standard,70
3576,Premium,70
3577,Basic,20
3578,Standard,70
3579,Basic,20
3580,Premium,70
3581,Basic,70
3582,Standard,20
3583,Basic,20
3584,Basic,20
3585,Standard,20
3586,Premium,40
3587,Standard,40
3588,Premium,20
3589,Basic,40
3590,Standard,20
3591,Basic,20
3592,Basic,70
3593,Standard,20
3594,Standard,20
3595,Standard,20
3596,Standard,20
3597,Standard,70
3598,Basic,20
3599,Basic,70
3600,Standard,20
3601,Basic,70
3602,Basic,40
3603,Basic,70
3604,Standard,70
3605,Basic,20
3606,Standard,70
3607,Standard,70
3608,Basic,20
3609,Standard,40
3610,Standard,40
3611,Standard,40
3612,Standard,70
3613,Basic,20
3614,Standard,40
3615,Basic,40
3616,Premium,40
3617,Premium,40
3618,Standard,20
3619,Basic,40
3620,Basic,70
3621,Basic,70
3622,Basic,20
3623,Basic,40
3624,Standard,40
3625,Basic,70
3626,Premium,20
3627,Basic,70
3628,Premium,20
3629,Premium,20
3630,Standard,20
3631,Standard,70
3632,Basic,20
3633,Standard,70
3634,Basic,70
3635,Basic,40
3636,Standard,70
3637,Basic,70
3638,Standard,40
3639,Basic,40
3640,Basic,40
3641,Basic,20
3642,Basic,20
3643,Basic,40
3644,Basic,20
3645,Basic,40
3646,Premium,20
3647,Basic,70
3648,Standard,20
3649,Basic,20
3650,Premium,70
3651,Basic,40
3652,Basic,20
3653,Standard,20
3654,Basic,70
3655,Standard,70
3656,Basic,70
3657,Premium,70
3658,Basic,40
3659,Basic,20
3660,Standard,20
3661,Basic,20
3662,Premium,20
3663,Basic,40
3664,Standard,20
3665,Basic,40
3666,Premium,40
3667,Standard,70
3668,Basic,70
3669,Basic,20
3670,Basic,40
3671,Premium,70
3672,Basic,40
3673,Basic,70
3674,Basic,40
3675,Basic,20
3676,Standard,20
3677,Premium,40
3678,Standard,70
3679,Premium,70
3680,Standard,20
3681,Basic,20
3682,Basic,20
3683,Standard,70
3684,Premium,70
3685,Premium,20
3686,Basic,40
3687,Basic,70
3688,Basic,20
3689,Premium,40
3690,Premium,70
3691,Standard,40
3692,Basic,40
3693,Standard,70
3694,Basic,20
3695,Basic,40
3696,Standard,20
3697,Basic,70
3698,Basic,40
3699,Premium,40
3700,Standard,40
3701,Basic,40
3702,Standard,40
3703,Basic,70
3704,Standard,40
3705,Standard,70
3706,Standard,20
3707,Standard,70
3708,Basic,40
3709,Basic,20
3710,Basic,70
3711,Basic,70
3712,Standard,70
3713,Basic,40
3714,Basic,40
3715,Basic,70
3716,Premium,70
3717,Basic,20
3718,Standard,40
3719,Basic,40
3720,Basic,20
3721,Basic,70
3722,Standard,70
3723,Standard,20
3724,Premium,70
3725,Basic,70
3726,Basic,20
3727,Premium,20
3728,Basic,20
3729,Standard,70
3730,Standard,20
3731,Basic,70
3732,Standard,40
3733,Basic,40
3734,Basic,20
3735,Basic,70
3736,Premium,70
3737,Basic,70
3738,Standard,20
3739,Premium,70
3740,Standard,70
3741,Standard,70
3742,Basic,40
3743,Basic,70
3744,Basic,40
3745,Standard,70
3746,Premium,70
3747,Premium,70
3748,Premium,40
3749,Premium,70
3750,Basic,20
3751,Standard,70
3752,Premium,40
3753,Basic,40
3754,Premium,20
3755,Basic,20
3756,Standard,20
3757,Standard,40
3758,Premium,70
3759,Basic,70
3760,Standard,20
3761,Standard,20
3762,Basic,70
3763,Standard,20
3764,Standard,70
3765,Standard,70
3766,Basic,70
3767,Basic,70
3768,Standard,40
3769,Basic,70
3770,Basic,20
3771,Premium,20
3772,Standard,20
3773,Standard,20
3774,Basic,40
3775,Basic,70
3776,Basic,70
3777,Basic,20
3778,Standard,20
3779,Standard,20
3780,Basic,70
3781,Basic,40
3782,Basic,40
3783,Basic,40
3784,Basic,40
3785,Premium,20
3786,Standard,70
3787,Standard,20
3788,Basic,40
3789,Premium,20
3790,Standard,40
3791,Standard,70
3792,Basic,40
3793,Premium,20
3794,Premium,70
3795,Premium,40
3796,Basic,40
3797,Basic,70
3798,Basic,20
3799,Basic,70
3800,Premium,20
3801,Basic,40
3802,Basic,40
3803,Basic,70
3804,Basic,40
3805,Basic,70
3806,Standard,40
3807,Standard,40
3808,Basic,20
3809,Basic,70
3810,Basic,70
3811,Basic,40
3812,Standard,20
3813,Standard,20
3814,Standard,70
3815,Standard,70
3816,Basic,40
3817,Premium,70
3818,Premium,40
3819,Premium,20
3820,Basic,70
3821,Premium,20
3822,Premium,20
3823,Premium,40
3824,Basic,20
3825,Standard,40
3826,Premium,40
3827,Standard,20
3828,Standard,20
3829,Premium,40
3830,Basic,40
3831,Standard,20
3832,Basic,40
3833,Premium,40
3834,Basic,70
3835,Standard,70
3836,Standard,70
3837,Standard,70
3838,Standard,70
3839,Premium,40
3840,Premium,40
3841,Basic,70
3842,Basic,20
3843,Basic,70
3844,Basic,20
3845,Standard,40
3846,Premium,20
3847,Premium,40
3848,Basic,20
3849,Basic,40
3850,Standard,40
3851,Standard,70
3852,Basic,40
3853,Premium,70
3854,Premium,70
3855,Basic,70
3856,Premium,20
3857,Basic,20
3858,Standard,40
3859,Basic,70
3860,Basic,70
3861,Premium,40
3862,Basic,70
3863,Standard,40
3864,Basic,70
3865,Basic,20
3866,Basic,40
3867,Basic,40
3868,Standard,20
3869,Basic,40
3870,Standard,20
3871,Standard,70
3872,Standard,20
3873,Basic,20
3874,Premium,40
3875,Basic,70
3876,Basic,20
3877,Basic,70
3878,Basic,20
3879,Basic,40
3880,Standard,20
3881,Basic,20
3882,Basic,70
3883,Standard,20
3884,Basic,40
3885,Basic,40
3886,Basic,20
3887,Standard,20
3888,Basic,70
3889,Basic,70
3890,Standard,40
3891,Standard,70
3892,Standard,20
3893,Premium,40
3894,Basic,70
3895,Basic,40
3896,Basic,20
3897,Basic,70
3898,Basic,20
3899,Basic,20
3900,Standard,40
3901,Standard,40
3902,Basic,40
3903,Standard,70
3904,Basic,70
3905,Basic,40
3906,Standard,70
3907,Basic,70
3908,Basic,40
3909,Basic,20
3910,Premium,70
3911,Standard,70
3912,Basic,20
3913,Premium,20
3914,Standard,20
3915,Standard,40
3916,Premium,20
3917,Basic,40
3918,Basic,20
3919,Standard,20
3920,Standard,40
3921,Standard,40
3922,Standard,20
3923,Premium,20
3924,Premium,20
3925,Premium,70
3926,Premium,20
3927,Premium,40
3928,Basic,70
3929,Basic,40
3930,Basic,70
3931,Premium,70
3932,Standard,40
3933,Standard,70
3934,Basic,40
3935,Basic,20
3936,Standard,70
3937,Basic,40
3938,Basic,70
3939,Basic,40
3940,Basic,20
3941,Standard,20
3942,Basic,70
3943,Standard,70
3944,Basic,40
3945,Premium,40
3946,Basic,70
3947,Standard,40
3948,Standard,40
3949,Basic,40
3950,Premium,70
3951,Standard,20
3952,Basic,20
3953,Basic,40
3954,Premium,70
3955,Standard,40
3956,Basic,20
3957,Basic,40
3958,Premium,20
3959,Standard,70
3960,Standard,40
3961,Basic,70
3962,Standard,40
3963,Basic,40
3964,Basic,40
3965,Standard,40
3966,Premium,40
3967,Basic,70
3968,Basic,70
3969,Standard,20
3970,Standard,40
3971,Premium,20
3972,Standard,70
3973,Basic,20
3974,Premium,70
3975,Standard,40
3976,Premium,20
3977,Standard,20
3978,Premium,20
3979,Basic,20
3980,Basic,40
3981,Premium,70
3982,Basic,70
3983,Basic,40
3984,Standard,70
3985,Premium,20
3986,Basic,40
3987,Premium,70
3988,Standard,40
3989,Standard,40
3990,Premium,70
3991,Basic,70
3992,Basic,40
3993,Basic,40
3994,Standard,70
3995,Standard,40
3996,Premium,70
3997,Standard,40
3998,Standard,40
3999,Standard,40
4000,Basic,70
4001,Basic,20
4002,Premium,70
4003,Basic,40
4004,Basic,20
4005,Standard,20
4006,Basic,40
4007,Premium,70
4008,Basic,20
4009,Basic,20
4010,Basic,70
4011,Standard,70
4012,Basic,20
4013,Standard,70
4014,Premium,20
4015,Premium,40
4016,Basic,70
4017,Basic,20
4018,Standard,70
4019,Premium,70
4020,Premium,20
4021,Basic,40
4022,Standard,20
4023,Basic,70
4024,Basic,20
4025,Basic,70
4026,Basic,20
4027,Basic,40
4028,Basic,40
4029,Standard,40
4030,Basic,40
4031,Standard,20
4032,Basic,40
4033,Basic,20
4034,Basic,70
4035,Basic,70
4036,Standard,70
4037,Basic,40
4038,Standard,40
4039,Basic,40
4040,Standard,70
4041,Standard,70
4042,Basic,70
4043,Basic,70
4044,Basic,20
4045,Standard,20
4046,Basic,40
4047,Standard,40
4048,Standard,70
4049,Premium,20
4050,Standard,20
4051,Standard,40
4052,Basic,20
4053,Premium,40
4054,Standard,70
4055,Basic,70
4056,Premium,40
4057,Basic,70
4058,Premium,70
4059,Premium,20
4060,Basic,20
4061,Standard,20
4062,Basic,20
4063,Basic,20
4064,Basic,40
4065,Standard,40
4066,Basic,20
4067,Basic,70
4068,Standard,70
4069,Basic,40
4070,Basic,40
4071,Basic,40
4072,Basic,70
4073,Basic,40
4074,Basic,70
4075,Premium,40
4076,Standard,70
4077,Basic,40
4078,Basic,40
4079,Basic,70
4080,Standard,40
4081,Basic,20
4082,Basic,70
4083,Premium,40
4084,Basic,70
4085,Basic,40
4086,Premium,20
4087,Standard,40
4088,Basic,40
4089,Standard,20
4090,Basic,70
4091,Standard,40
4092,Basic,40
4093,Premium,20
4094,Premium,70
4095,Premium,70
4096,Premium,20
4097,Standard,20
4098,Basic,40
4099,Basic,20
4100,Standard,20
4101,Premium,20
4102,Basic,70
4103,Premium,20
4104,Premium,40
4105,Premium,40
4106,Premium,40
4107,Basic,20
4108,Basic,70
4109,Basic,20
4110,Basic,20
4111,Standard,40
4112,Premium,20
4113,Premium,70
4114,Standard,40
4115,Basic,70
4116,Basic,70
4117,Basic,70
4118,Basic,20
4119,Standard,20
4120,Basic,20
4121,Basic,20
4122,Basic,40
4123,Standard,20
4124,Basic,40
4125,Basic,70
4126,Basic,40
4127,Premium,20
4128,Basic,40
4129,Standard,20
4130,Standard,20
4131,Standard,40
4132,Premium,40
4133,Basic,70
4134,Basic,70
4135,Basic,70
4136,Standard,70
4137,Basic,70
4138,Basic,40
4139,Standard,70
4140,Standard,40
4141,Basic,70
4142,Standard,20
4143,Standard,70
4144,Basic,20
4145,Basic,40
4146,Standard,70
4147,Standard,40
4148,Basic,70
4149,Basic,40
4150,Standard,70
4151,Premium,70
4152,Standard,20
4153,Basic,40
4154,Basic,40
4155,Premium,40
4156,Basic,40
4157,Premium,40
4158,Premium,20
4159,Basic,70
4160,Premium,20
4161,Basic,40
4162,Premium,40
4163,Basic,70
4164,Basic,20
4165,Standard,70
4166,Standard,70
4167,Basic,20
4168,Standard,70
4169,Basic,20
4170,Basic,20
4171,Basic,40
4172,Basic,70
4173,Basic,40
4174,Basic,70
4175,Basic,70
4176,Basic,40
4177,Basic,40
4178,Premium,40
4179,Basic,20
4180,Premium,70
4181,Standard,20
4182,Standard,70
4183,Standard,70
4184,Premium,20
4185,Basic,20
4186,Standard,70
4187,Standard,40
4188,Standard,40
4189,Premium,40
4190,Basic,40
4191,Standard,70
4192,Standard,40
4193,Basic,40
4194,Basic,40
4195,Standard,70
4196,Premium,20
4197,Basic,40
4198,Premium,70
4199,Basic,70
4200,Basic,40
4201,Basic,20
4202,Basic,20
4203,Basic,20
4204,Basic,70
4205,Standard,40
4206,Standard,40
4207,Basic,70
4208,Basic,40
4209,Basic,40
4210,Standard,20
4211,Basic,40
4212,Basic,40
4213,Premium,70
4214,Premium,70
4215,Basic,20
4216,Basic,70
4217,Basic,20
4218,Standard,20
4219,Standard,40
4220,Basic,20
4221,Standard,40
4222,Basic,20
4223,Basic,70
4224,Basic,70
4225,Basic,70
4226,Basic,20
4227,Basic,20
4228,Basic,40
4229,Basic,40
4230,Standard,40
4231,Basic,40
4232,Basic,20
4233,Standard,20
4234,Standard,40
4235,Premium,20
4236,Basic,20
4237,Basic,20
4238,Standard,20
4239,Standard,40
4240,Basic,40
4241,Premium,20
4242,Basic,70
4243,Premium,40
4244,Premium,40
4245,Standard,70
4246,Premium,40
4247,Standard,70
4248,Basic,70
4249,Basic,20
4250,Basic,40
4251,Basic,70
4252,Standard,20
4253,Basic,40
4254,Basic,20
4255,Standard,20
4256,Premium,70
4257,Basic,40
4258,Basic,20
4259,Basic,70
4260,Standard,70
4261,Basic,20
4262,Standard,20
4263,Basic,70
4264,Basic,20
4265,Premium,20
4266,Basic,40
4267,Basic,70
4268,Basic,20
4269,Basic,70
4270,Standard,40
4271,Basic,70
4272,Basic,70
4273,Basic,70
4274,Standard,40
4275,Standard,40
4276,Standard,70
4277,Standard,70
4278,Basic,40
4279,Basic,20
4280,Basic,40
4281,Basic,70
4282,Basic,20
4283,Standard,20
4284,Standard,20
4285,Premium,40
4286,Basic,40
4287,Standard,40
4288,Premium,40
4289,Standard,70
4290,Basic,20
4291,Basic,70
4292,Basic,40
4293,Basic,40
4294,Standard,70
4295,Basic,20
4296,Basic,20
4297,Standard,40
4298,Standard,40
4299,Basic,40
4300,Standard,40
4301,Basic,20
4302,Basic,70
4303,Basic,20
4304,Standard,70
4305,Premium,40
4306,Basic,40
4307,Standard,70
4308,Basic,40
4309,Standard,20
4310,Basic,40
4311,Basic,40
4312,Premium,40
4313,Standard,40
4314,Basic,20
4315,Basic,70
4316,Basic,40
4317,Basic,40
4318,Premium,20
4319,Premium,20
4320,Basic,20
4321,Basic,40
4322,Premium,70
4323,Basic,20
4324,Standard,20
4325,Basic,20
4326,Standard,70
4327,Standard,40
4328,Premium,40
4329,Standard,40
4330,Basic,20
4331,Standard,40
4332,Premium,20
4333,Basic,70
4334,Basic,70
4335,Basic,40
4336,Basic,20
4337,Basic,20
4338,Standard,40
4339,Basic,70
4340,Premium,70
4341,Basic,70
4342,Basic,70
4343,Basic,70
4344,Basic,40
4345,Basic,40
4346,Basic,40
4347,Basic,70
4348,Standard,70
4349,Standard,40
4350,Basic,40
4351,Standard,70
4352,Standard,20
4353,Basic,40
4354,Premium,70
4355,Premium,70
4356,Basic,40
4357,Basic,20
4358,Basic,70
4359,Basic,40
4360,Standard,70
4361,Basic,70
4362,Standard,70
4363,Standard,70
4364,Standard,20
4365,Standard,40
4366,Basic,40
4367,Basic,40
4368,Standard,40
4369,Basic,40
4370,Basic,20
4371,Premium,70
4372,Standard,70
4373,Basic,40
4374,Standard,70
4375,Standard,70
4376,Basic,70
4377,Basic,40
4378,Premium,40
4379,Basic,20
4380,Basic,40
4381,Basic,20
4382,Standard,40
4383,Basic,70
4384,Basic,20
4385,Basic,20
4386,Premium,20
4387,Basic,40
4388,Standard,20
4389,Premium,40
4390,Basic,20
4391,Premium,40
4392,Premium,20
4393,Premium,70
4394,Basic,70
4395,Standard,20
4396,Standard,40
4397,Premium,40
4398,Basic,40
4399,Standard,70
4400,Basic,70
4401,Basic,70
4402,Basic,40
4403,Standard,40
4404,Basic,40
4405,Standard,20
4406,Premium,20
4407,Basic,20
4408,Standard,70
4409,Basic,70
4410,Basic,40
4411,Standard,20
4412,Premium,40
4413,Standard,20
4414,Standard,20
4415,Basic,40
4416,Basic,40
4417,Standard,20
4418,Basic,20
4419,Basic,70
4420,Standard,40
4421,Basic,40
4422,Basic,40
4423,Standard,40
4424,Standard,20
4425,Premium,70
4426,Standard,40
4427,Basic,20
4428,Premium,20
4429,Standard,20
4430,Basic,20
4431,Basic,20
4432,Standard,40
4433,Standard,40
4434,Standard,70
4435,Standard,40
4436,Standard,20
4437,Premium,70
4438,Standard,20
4439,Basic,20
4440,Premium,40
4441,Basic,20
4442,Standard,40
4443,Premium,20
4444,Standard,70
4445,Standard,20
4446,Basic,40
4447,Basic,20
4448,Basic,40
4449,Standard,40
4450,Standard,70
4451,Standard,40
4452,Basic,70
4453,Basic,70
4454,Standard,20
4455,Basic,70
4456,Standard,40
4457,Standard,40
4458,Standard,70
4459,Basic,20
4460,Premium,70
4461,Basic,70
4462,Premium,40
4463,Basic,20
4464,Basic,20
4465,Premium,20
4466,Basic,20
4467,Standard,40
4468,Premium,20
4469,Premium,20
4470,Premium,20
4471,Basic,40
4472,Standard,40
4473,Basic,20
4474,Basic,40
4475,Premium,70
4476,Basic,20
4477,Standard,40
4478,Standard,20
4479,Standard,20
4480,Premium,40
4481,Basic,70
4482,Standard,20
4483,Premium,70
4484,Basic,40
4485,Basic,20
4486,Standard,40
4487,Basic,40
4488,Basic,40
4489,Premium,40
4490,Standard,20
4491,Premium,70
4492,Premium,70
4493,Standard,20
4494,Basic,20
4495,Basic,70
4496,Basic,70
4497,Premium,20
4498,Basic,40
4499,Basic,20
4500,Standard,70
4501,Basic,40
4502,Basic,70
4503,Standard,40
4504,Basic,70
4505,Basic,40
4506,Basic,20
4507,Standard,20
4508,Standard,40
4509,Basic,40
4510,Standard,20
4511,Basic,20
4512,Premium,40
4513,Basic,40
4514,Standard,20
4515,Premium,70
4516,Premium,20
4517,Basic,40
4518,Basic,40
4519,Standard,70
4520,Basic,20
4521,Premium,40
4522,Standard,20
4523,Standard,40
4524,Basic,70
4525,Standard,20
4526,Standard,20
4527,Premium,70
4528,Basic,40
4529,Basic,40
4530,Basic,20
4531,Basic,70
4532,Standard,20
4533,Premium,20
4534,Basic,40
4535,Premium,40
4536,Basic,40
4537,Basic,40
4538,Basic,40
4539,Basic,70
4540,Premium,20
4541,Basic,70
4542,Standard,20
4543,Basic,40
4544,Premium,70
4545,Basic,20
4546,Basic,40
4547,Basic,40
4548,Basic,70
4549,Basic,70
4550,Premium,70
4551,Standard,40
4552,Standard,20
4553,Standard,20
4554,Basic,70
4555,Basic,20
4556,Premium,40
4557,Premium,20
4558,Premium,40
4559,Premium,70
4560,Basic,20
4561,Basic,40
4562,Basic,70
4563,Basic,70
4564,Basic,70
4565,Basic,70
4566,Standard,20
4567,Premium,40
4568,Standard,20
4569,Premium,40
4570,Basic,70
4571,Basic,20
4572,Standard,70
4573,Basic,40
4574,Basic,70
4575,Basic,20
4576,Basic,20
4577,Standard,40
4578,Basic,40
4579,Standard,20
4580,Standard,20
4581,Basic,20
4582,Basic,20
4583,Basic,40
4584,Basic,20
4585,Standard,40
4586,Standard,20
4587,Standard,20
4588,Basic,70
4589,Standard,70
4590,Standard,20
4591,Basic,40
4592,Standard,20
4593,Basic,70
4594,Standard,20
4595,Standard,70
4596,Basic,20
4597,Standard,20
4598,Basic,40
4599,Basic,70
4600,Premium,70
4601,Premium,70
4602,Basic,40
4603,Basic,20
4604,Basic,40
4605,Basic,20
4606,Premium,40
4607,Premium,40
4608,Standard,70
4609,Basic,40
4610,Standard,20
4611,Basic,40
4612,Premium,40
4613,Premium,20
4614,Standard,70
4615,Basic,20
4616,Basic,20
4617,Basic,20
4618,Premium,40
4619,Basic,40
4620,Basic,20
4621,Basic,20
4622,Premium,70
4623,Basic,40
4624,Premium,40
4625,Premium,40
4626,Premium,40
4627,Basic,20
4628,Basic,20
4629,Basic,70
4630,Basic,40
4631,Basic,40
4632,Standard,20
4633,Basic,70
4634,Premium,20
4635,Basic,40
4636,Standard,40
4637,Standard,70
4638,Standard,20
4639,Premium,40
4640,Standard,40
4641,Premium,70
4642,Basic,40
4643,Standard,40
4644,Basic,20
4645,Basic,70
4646,Basic,70
4647,Basic,70
4648,Basic,20
4649,Basic,70
4650,Basic,40
4651,Premium,70
4652,Basic,40
4653,Standard,70
4654,Basic,70
4655,Premium,20
4656,Premium,70
4657,Standard,70
4658,Standard,20
4659,Basic,40
4660,Premium,70
4661,Premium,70
4662,Premium,40
4663,Standard,20
4664,Basic,70
4665,Premium,20
4666,Basic,40
4667,Standard,40
4668,Basic,20
4669,Premium,40
4670,Basic,40
4671,Basic,70
4672,Standard,20
4673,Standard,70
4674,Standard,20
4675,Basic,70
4676,Basic,40
4677,Standard,20
4678,Premium,20
4679,Premium,20
4680,Basic,20
4681,Premium,40
4682,Basic,40
4683,Standard,40
4684,Basic,70
4685,Basic,40
4686,Standard,70
4687,Standard,70
4688,Basic,40
4689,Basic,40
4690,Basic,40
4691,Standard,70
4692,Basic,20
4693,Basic,40
4694,Standard,70
4695,Standard,70
4696,Standard,40
4697,Standard,70
4698,Premium,40
4699,Premium,70
4700,Premium,20
4701,Standard,70
4702,Basic,40
4703,Premium,20
4704,Basic,40
4705,Basic,70
4706,Basic,20
4707,Basic,20
4708,Premium,70
4709,Standard,20
4710,Standard,20
4711,Standard,20
4712,Basic,40
4713,Basic,40
4714,Standard,20
4715,Standard,70
4716,Basic,70
4717,Standard,40
4718,Basic,70
4719,Basic,20
4720,Basic,70
4721,Basic,40
4722,Premium,40
4723,Premium,20
4724,Basic,40
4725,Standard,40
4726,Standard,40
4727,Basic,70
4728,Basic,40
4729,Premium,70
4730,Standard,40
4731,Premium,40
4732,Basic,70
4733,Standard,70
4734,Basic,20
4735,Basic,20
4736,Standard,70
4737,Basic,40
4738,Basic,20
4739,Basic,70
4740,Basic,70
4741,Standard,40
4742,Basic,70
4743,Basic,20
4744,Basic,40
4745,Basic,70
4746,Standard,70
4747,Basic,40
4748,Standard,40
4749,Basic,40
4750,Basic,20
4751,Premium,20
4752,Standard,70
4753,Basic,70
4754,Premium,40
4755,Basic,70
4756,Premium,70
4757,Standard,40
4758,Standard,20
4759,Premium,20
4760,Basic,20
4761,Standard,70
4762,Basic,40
4763,Basic,20
4764,Basic,70
4765,Basic,40
4766,Standard,20
4767,Standard,20
4768,Standard,40
4769,Basic,70
4770,Basic,70
4771,Premium,20
4772,Basic,40
4773,Standard,70
4774,Standard,40
4775,Standard,40
4776,Standard,20
4777,Premium,40
4778,Basic,40
4779,Premium,40
4780,Basic,70
4781,Basic,20
4782,Basic,20
4783,Standard,40
4784,Basic,40
4785,Basic,70
4786,Basic,20
4787,Premium,70
4788,Premium,20
4789,Standard,70
4790,Standard,40
4791,Basic,70
4792,Basic,40
4793,Premium,20
4794,Basic,20
4795,Basic,40
4796,Basic,20
4797,Basic,70
4798,Basic,40
4799,Standard,20
4800,Basic,70
4801,Standard,70
4802,Basic,20
4803,Basic,20
4804,Basic,70
4805,Standard,40
4806,Basic,20
4807,Standard,20
4808,Standard,40
4809,Standard,40
4810,Basic,20
4811,Basic,40
4812,Basic,70
4813,Standard,70
4814,Basic,70
4815,Premium,20
4816,Premium,40
4817,Basic,70
4818,Basic,40
4819,Standard,70
4820,Basic,40
4821,Basic,70
4822,Premium,70
4823,Basic,70
4824,Premium,70
4825,Standard,70
4826,Standard,70
4827,Basic,70
4828,Basic,70
4829,Standard,70
4830,Basic,40
4831,Basic,40
4832,Basic,20
4833,Basic,70
4834,Basic,40
4835,Standard,40
4836,Basic,40
4837,Basic,40
4838,Standard,40
4839,Premium,40
4840,Basic,20
4841,Basic,40
4842,Standard,20
4843,Premium,20
4844,Standard,70
4845,Standard,70
4846,Basic,70
4847,Standard,40
4848,Basic,70
4849,Standard,40
4850,Standard,40
4851,Premium,70
4852,Basic,70
4853,Basic,20
4854,Standard,20
4855,Standard,40
4856,Standard,40
4857,Basic,70
4858,Basic,70
4859,Standard,20
4860,Basic,70
4861,Premium,40
4862,Basic,70
4863,Standard,20
4864,Standard,40
4865,Standard,20
4866,Basic,20
4867,Premium,40
4868,Basic,20
4869,Standard,70
4870,Basic,70
4871,Basic,20
4872,Basic,70
4873,Basic,20
4874,Premium,70
4875,Basic,20
4876,Standard,70
4877,Premium,40
4878,Basic,40
4879,Standard,70
4880,Basic,20
4881,Basic,70
4882,Basic,20
4883,Premium,70
4884,Basic,70
4885,Standard,40
4886,Standard,20
4887,Premium,20
4888,Basic,20
4889,Standard,20
4890,Standard,20
4891,Standard,40
4892,Premium,70
4893,Premium,20
4894,Basic,20
4895,Basic,70
4896,Basic,40
4897,Basic,40
4898,Basic,40
4899,Basic,70
4900,Basic,70
4901,Premium,40
4902,Basic,40
4903,Premium,70
4904,Basic,40
4905,Standard,20
4906,Premium,70
4907,Basic,40
4908,Basic,20
4909,Basic,70
4910,Basic,70
4911,Premium,20
4912,Premium,70
4913,Basic,40
4914,Basic,70
4915,Basic,40
4916,Basic,20
4917,Standard,20
4918,Basic,70
4919,Standard,20
4920,Basic,20
4921,Basic,70
4922,Standard,40
4923,Basic,70
4924,Premium,70
4925,Premium,40
4926,Basic,40
4927,Basic,40
4928,Premium,70
4929,Premium,40
4930,Premium,20
4931,Basic,40
4932,Premium,20
4933,Basic,40
4934,Standard,20
4935,Premium,20
4936,Basic,20
4937,Premium,20
4938,Basic,20
4939,Premium,40
4940,Basic,70
4941,Premium,70
4942,Basic,70
4943,Standard,70
4944,Standard,70
4945,Basic,20
4946,Basic,40
4947,Standard,20
4948,Basic,40
4949,Standard,40
4950,Basic,40
4951,Premium,40
4952,Basic,70
4953,Basic,40
4954,Basic,40
4955,Basic,70
4956,Basic,20
4957,Basic,20
4958,Premium,20
4959,Standard,20
4960,Standard,40
4961,Basic,70
4962,Standard,70
4963,Basic,20
4964,Standard,70
4965,Basic,40
4966,Basic,20
4967,Basic,40
4968,Premium,40
4969,Basic,40
4970,Standard,40
4971,Basic,40
4972,Standard,20
4973,Premium,40
4974,Basic,20
4975,Basic,70
4976,Premium,40
4977,Standard,40
4978,Basic,70
4979,Standard,20
4980,Standard,40
4981,Basic,70
4982,Premium,70
4983,Basic,40
4984,Basic,20
4985,Standard,20
4986,Basic,40
4987,Basic,70
4988,Standard,40
4989,Premium,20
4990,Premium,70
4991,Premium,40
4992,Premium,70
4993,Basic,20
4994,Basic,20
4995,Premium,20
4996,Basic,40
4997,Standard,70
4998,Standard,40
4999,Basic,40
5000,Premium,40
